-- phpMyAdmin SQL Dump
-- version 5.2.1
-- https://www.phpmyadmin.net/
--
-- Host: 127.0.0.1
-- Generation Time: Aug 15, 2025 at 05:12 PM
-- Server version: 10.4.32-MariaDB
-- PHP Version: 8.2.12

SET SQL_MODE = "NO_AUTO_VALUE_ON_ZERO";
START TRANSACTION;
SET time_zone = "+00:00";


/*!40101 SET @OLD_CHARACTER_SET_CLIENT=@@CHARACTER_SET_CLIENT */;
/*!40101 SET @OLD_CHARACTER_SET_RESULTS=@@CHARACTER_SET_RESULTS */;
/*!40101 SET @OLD_COLLATION_CONNECTION=@@COLLATION_CONNECTION */;
/*!40101 SET NAMES utf8mb4 */;

--
-- Database: `friendora`
--

DELIMITER $$
--
-- Procedures
--
CREATE DEFINER=`root`@`localhost` PROCEDURE `accept_friend_request` (IN `p_sender` INT, IN `p_receiver` INT)   BEGIN
    -- Ensure there exists a pending request sender->receiver
    UPDATE friend_requests
    SET status = 'accepted', responded_at = NOW()
    WHERE sender_id = p_sender AND receiver_id = p_receiver AND status = 'pending';
END$$

CREATE DEFINER=`root`@`localhost` PROCEDURE `get_friends` (IN `p_user_id` INT)   BEGIN
    -- Temporary table: all friends of current user
    CREATE TEMPORARY TABLE IF NOT EXISTS temp_user_friends AS
    SELECT 
        CASE 
            WHEN sender_id = p_user_id THEN receiver_id
            ELSE sender_id
        END AS friend_id
    FROM friend_requests
    WHERE (sender_id = p_user_id OR receiver_id = p_user_id)
      AND status = 'accepted';

    -- Temporary table: all friend pairs for mutual friend calculation
    CREATE TEMPORARY TABLE IF NOT EXISTS temp_all_friends AS
    SELECT 
        sender_id,
        receiver_id
    FROM friend_requests
    WHERE status = 'accepted';

    -- Main select
    SELECT 
        u.id AS friend_id,
        CONCAT(u.fname, ' ', IFNULL(u.lname, '')) AS friend_name,
        p.pfp AS profile_pic,

        -- Mutual friends count
        (
            SELECT COUNT(*)
            FROM temp_all_friends f1
            JOIN temp_all_friends f2 ON
                (
                    (f1.sender_id = f2.sender_id AND f1.receiver_id != f2.receiver_id AND f2.receiver_id = temp_user_friends.friend_id)
                    OR
                    (f1.receiver_id = f2.receiver_id AND f1.sender_id != f2.sender_id AND f2.sender_id = temp_user_friends.friend_id)
                )
            WHERE 
                (f1.sender_id = p_user_id OR f1.receiver_id = p_user_id)
        ) AS mutual_friends,

        -- Total friends count for the friend
        (
            SELECT COUNT(*)
            FROM friend_requests fr3
            WHERE (fr3.sender_id = temp_user_friends.friend_id OR fr3.receiver_id = temp_user_friends.friend_id)
              AND fr3.status = 'accepted'
        ) AS total_friends

    FROM temp_user_friends
    JOIN users u ON u.id = temp_user_friends.friend_id
    LEFT JOIN profile p ON p.user_id = u.id
    ORDER BY friend_name;

    -- Cleanup
    DROP TEMPORARY TABLE IF EXISTS temp_user_friends;
    DROP TEMPORARY TABLE IF EXISTS temp_all_friends;
END$$

CREATE DEFINER=`root`@`localhost` PROCEDURE `get_total_friends` (IN `p_user_id` INT, OUT `total_friends` INT)   BEGIN
    SELECT COUNT(*) INTO total_friends
    FROM friend_requests
    WHERE status = 'accepted'
      AND (sender_id = p_user_id OR receiver_id = p_user_id);
END$$

CREATE DEFINER=`root`@`localhost` PROCEDURE `mark_as_read` (IN `p_receiver` INT, IN `p_sender` INT)   BEGIN
    UPDATE messages
    SET status = 'read'
    WHERE receiver_id = p_receiver
      AND sender_id = p_sender
      AND status != 'read';
END$$

CREATE DEFINER=`root`@`localhost` PROCEDURE `reject_friend_request` (IN `p_sender` INT, IN `p_receiver` INT)   BEGIN
    UPDATE friend_requests
    SET status = 'rejected', responded_at = NOW()
    WHERE sender_id = p_sender AND receiver_id = p_receiver AND status = 'pending';
END$$

CREATE DEFINER=`root`@`localhost` PROCEDURE `send_friend_request` (IN `p_sender` INT, IN `p_receiver` INT)   BEGIN
    DECLARE v_exists INT DEFAULT 0;
    DECLARE v_reverse_pending INT DEFAULT 0;

    -- Prevent self-friendship
    IF p_sender = p_receiver THEN
        SIGNAL SQLSTATE '45000' SET MESSAGE_TEXT = 'cannot friend yourself';
    ELSE
        -- Check if any relation already exists
        SELECT COUNT(*) INTO v_exists
        FROM friend_requests
        WHERE (sender_id = p_sender AND receiver_id = p_receiver)
           OR (sender_id = p_receiver AND receiver_id = p_sender);

        IF v_exists = 0 THEN
            -- If receiver already sent a pending request to sender -> accept it
            SELECT COUNT(*) INTO v_reverse_pending
            FROM friend_requests
            WHERE sender_id = p_receiver
              AND receiver_id = p_sender
              AND status = 'pending';

            IF v_reverse_pending > 0 THEN
                UPDATE friend_requests
                SET status = 'accepted', responded_at = NOW()
                WHERE sender_id = p_receiver AND receiver_id = p_sender AND status = 'pending';
            ELSE
                -- Otherwise insert a new pending request
                INSERT INTO friend_requests (sender_id, receiver_id)
                VALUES (p_sender, p_receiver);
            END IF;
        END IF;
    END IF;
END$$

CREATE DEFINER=`root`@`localhost` PROCEDURE `unfriend` (IN `p_user1` INT, IN `p_user2` INT)   BEGIN
    DELETE FROM friend_requests
    WHERE (sender_id = p_user1 AND receiver_id = p_user2)
       OR (sender_id = p_user2 AND receiver_id = p_user1);
END$$

DELIMITER ;

-- --------------------------------------------------------

--
-- Table structure for table `badge`
--

CREATE TABLE `badge` (
  `id` int(3) NOT NULL,
  `awarded_at` datetime DEFAULT current_timestamp(),
  `badge_desc_id` int(3) DEFAULT NULL
) ENGINE=InnoDB DEFAULT CHARSET=utf8mb4 COLLATE=utf8mb4_general_ci;

-- --------------------------------------------------------

--
-- Table structure for table `badge_description`
--

CREATE TABLE `badge_description` (
  `id` int(3) NOT NULL,
  `name` varchar(100) DEFAULT NULL,
  `description` text DEFAULT NULL,
  `icon_url` text DEFAULT NULL
) ENGINE=InnoDB DEFAULT CHARSET=utf8mb4 COLLATE=utf8mb4_general_ci;

-- --------------------------------------------------------

--
-- Table structure for table `block`
--

CREATE TABLE `block` (
  `blocker_id` int(3) NOT NULL,
  `blocked_id` int(3) NOT NULL,
  `block_date` datetime DEFAULT current_timestamp(),
  `status` varchar(20) DEFAULT NULL
) ENGINE=InnoDB DEFAULT CHARSET=utf8mb4 COLLATE=utf8mb4_general_ci;

-- --------------------------------------------------------

--
-- Table structure for table `comment`
--

CREATE TABLE `comment` (
  `id` int(11) NOT NULL,
  `content` text DEFAULT NULL,
  `created_at` datetime DEFAULT current_timestamp(),
  `user_id` int(3) DEFAULT NULL,
  `post_id` int(3) DEFAULT NULL
) ENGINE=InnoDB DEFAULT CHARSET=utf8mb4 COLLATE=utf8mb4_general_ci;

--
-- Dumping data for table `comment`
--

INSERT INTO `comment` (`id`, `content`, `created_at`, `user_id`, `post_id`) VALUES
(5, 'Yo, mama', '2025-07-26 22:47:45', 1, 4),
(6, 'Hi', '2025-07-27 00:17:11', 2, 21),
(8, 'kkkk', '2025-07-27 00:27:10', 1, 17),
(9, 'HI', '2025-07-27 01:50:19', 4, 23),
(10, 'Yo boy', '2025-07-27 02:04:38', 4, 19),
(11, 'How are you??', '2025-07-27 02:04:59', 4, 18),
(12, 'ho ho, long time no see mate', '2025-07-27 02:06:07', 3, 18),
(13, 'I\'m fine guys', '2025-07-27 02:06:50', 1, 18),
(14, 'Hi', '2025-07-27 02:24:41', 1, 10),
(15, 'Great', '2025-07-27 02:26:41', 1, 24),
(16, 'Hello', '2025-07-27 02:28:54', 4, 24),
(17, 'Hi my friend', '2025-07-27 02:30:17', 2, 24),
(18, 'What things??', '2025-07-27 18:16:36', 2, 27),
(19, 'ho ho', '2025-07-27 18:19:32', 1, 27),
(20, 'hello', '2025-07-27 19:39:57', 1, 28),
(21, 'Cool', '2025-07-27 19:41:13', 1, 23),
(22, 'Hello', '2025-07-28 12:50:29', 1, 29),
(23, 'hoho', '2025-07-28 20:40:24', 3, 29),
(24, 'Hey Raymond', '2025-08-01 21:40:34', 1, 29),
(25, 'Hi mama', '2025-08-07 19:10:47', 4, 19),
(26, 'Hi', '2025-08-09 22:16:30', 4, 24),
(27, 'Hi', '2025-08-09 22:18:27', 3, 27),
(29, 'Mee too', '2025-08-09 22:41:04', 3, 26),
(30, 'Amazing', '2025-08-09 22:51:00', 3, 21);

--
-- Triggers `comment`
--
DELIMITER $$
CREATE TRIGGER `after_comment_insert` AFTER INSERT ON `comment` FOR EACH ROW BEGIN
    DECLARE post_author_id INT;
    
    -- Find the author of the post that was commented on
    SELECT `creator_id` INTO post_author_id FROM `post` WHERE `id` = NEW.post_id;
    
    -- Insert a notification for the post's author,
    -- but only if the author is not the one who commented.
    IF post_author_id != NEW.user_id THEN
        INSERT INTO `notifications` (`user_id`, `action_by`, `type`, `content`, `related_post_id`, `related_comment_id`)
        VALUES (post_author_id, NEW.user_id, 'comment', 'commented on your post', NEW.post_id, NEW.id);
    END IF;
END
$$
DELIMITER ;

-- --------------------------------------------------------

--
-- Table structure for table `earns`
--

CREATE TABLE `earns` (
  `uid` int(3) NOT NULL,
  `badge_id` int(3) NOT NULL
) ENGINE=InnoDB DEFAULT CHARSET=utf8mb4 COLLATE=utf8mb4_general_ci;

-- --------------------------------------------------------

--
-- Table structure for table `friend_requests`
--

CREATE TABLE `friend_requests` (
  `sender_id` int(11) NOT NULL,
  `receiver_id` int(11) NOT NULL,
  `sent_at` datetime NOT NULL DEFAULT current_timestamp(),
  `responded_at` datetime DEFAULT NULL,
  `status` enum('pending','accepted','rejected') NOT NULL DEFAULT 'pending'
) ;

--
-- Dumping data for table `friend_requests`
--

INSERT INTO `friend_requests` (`sender_id`, `receiver_id`, `sent_at`, `responded_at`, `status`) VALUES
(1, 3, '2025-08-13 10:28:16', '2025-08-13 10:28:33', 'accepted'),
(1, 5, '2025-08-13 20:21:20', NULL, 'pending'),
(2, 1, '2025-08-13 09:56:46', '2025-08-13 10:27:00', 'accepted'),
(3, 2, '2025-08-13 09:27:21', '2025-08-13 09:45:27', 'accepted'),
(4, 1, '2025-08-13 09:57:29', '2025-08-13 10:26:58', 'accepted');

--
-- Triggers `friend_requests`
--
DELIMITER $$
CREATE TRIGGER `trg_fr_before_insert` BEFORE INSERT ON `friend_requests` FOR EACH ROW BEGIN
    IF NEW.sender_id = NEW.receiver_id THEN
        SIGNAL SQLSTATE '45000' SET MESSAGE_TEXT = 'cannot send friend request to self';
    END IF;

    -- optional: you could check other constraints here
END
$$
DELIMITER ;
DELIMITER $$
CREATE TRIGGER `trg_fr_before_update` BEFORE UPDATE ON `friend_requests` FOR EACH ROW BEGIN
    IF (OLD.status <> NEW.status) AND (NEW.status IN ('accepted','rejected')) THEN
        IF NEW.responded_at IS NULL THEN
            SET NEW.responded_at = NOW();
        END IF;
    END IF;
END
$$
DELIMITER ;

-- --------------------------------------------------------

--
-- Table structure for table `group`
--

CREATE TABLE `group` (
  `id` int(3) NOT NULL,
  `name` varchar(100) DEFAULT NULL,
  `creator_id` int(3) DEFAULT NULL
) ENGINE=InnoDB DEFAULT CHARSET=utf8mb4 COLLATE=utf8mb4_general_ci;

-- --------------------------------------------------------

--
-- Table structure for table `joins`
--

CREATE TABLE `joins` (
  `uid` int(3) NOT NULL,
  `group_id` int(3) NOT NULL,
  `joined_at` datetime DEFAULT current_timestamp()
) ENGINE=InnoDB DEFAULT CHARSET=utf8mb4 COLLATE=utf8mb4_general_ci;

-- --------------------------------------------------------

--
-- Table structure for table `media`
--

CREATE TABLE `media` (
  `id` int(11) NOT NULL,
  `post_id` int(3) NOT NULL,
  `media_type` varchar(100) NOT NULL,
  `media_url` text NOT NULL,
  `created_at` datetime DEFAULT current_timestamp()
) ENGINE=InnoDB DEFAULT CHARSET=utf8mb4 COLLATE=utf8mb4_general_ci;

--
-- Dumping data for table `media`
--

INSERT INTO `media` (`id`, `post_id`, `media_type`, `media_url`, `created_at`) VALUES
(1, 19, 'image', 'http://localhost/Friendora/uploads/posts/post_19_1753551302.jpeg', '2025-07-26 23:35:02'),
(3, 21, 'image', 'http://localhost/Friendora/uploads/posts/post_21_1753553754.jpeg', '2025-07-27 00:15:54'),
(5, 23, 'image', 'http://localhost/Friendora/uploads/posts/post_23_1753557000.jpeg', '2025-07-27 01:10:00'),
(6, 24, 'image', 'http://localhost/Friendora/uploads/posts/post_24_1753560486.jpeg', '2025-07-27 02:08:06'),
(8, 32, 'image', 'http://localhost/Friendora/uploads/posts/post_32_1753727194.jpeg', '2025-07-29 00:26:34');

-- --------------------------------------------------------

--
-- Table structure for table `membership`
--

CREATE TABLE `membership` (
  `user_id` int(3) NOT NULL,
  `group_id` int(3) NOT NULL,
  `role` varchar(50) DEFAULT NULL,
  `status` varchar(20) DEFAULT NULL
) ENGINE=InnoDB DEFAULT CHARSET=utf8mb4 COLLATE=utf8mb4_general_ci;

-- --------------------------------------------------------

--
-- Table structure for table `mentions`
--

CREATE TABLE `mentions` (
  `mentioner_id` int(10) NOT NULL,
  `mentioned_id` int(10) NOT NULL
) ENGINE=InnoDB DEFAULT CHARSET=utf8mb4 COLLATE=utf8mb4_general_ci;

-- --------------------------------------------------------

--
-- Table structure for table `messages`
--

CREATE TABLE `messages` (
  `message_id` bigint(20) UNSIGNED NOT NULL,
  `sender_id` int(11) NOT NULL,
  `receiver_id` int(11) NOT NULL,
  `sent_at` datetime NOT NULL DEFAULT current_timestamp(),
  `status` enum('sent','delivered','read') NOT NULL DEFAULT 'sent',
  `content` text NOT NULL
) ENGINE=InnoDB DEFAULT CHARSET=utf8mb4 COLLATE=utf8mb4_general_ci;

--
-- Dumping data for table `messages`
--

INSERT INTO `messages` (`message_id`, `sender_id`, `receiver_id`, `sent_at`, `status`, `content`) VALUES
(1, 1, 4, '2025-08-13 14:50:11', 'read', 'hi'),
(2, 1, 4, '2025-08-13 14:50:23', 'read', 'Kafka is on right'),
(3, 4, 1, '2025-08-13 14:50:52', 'read', 'Hi sakhiur is on left'),
(4, 4, 1, '2025-08-13 14:51:03', 'read', 'Nope seems like I\'m also right'),
(5, 4, 1, '2025-08-13 14:52:12', 'read', 'Hello'),
(6, 1, 4, '2025-08-13 14:54:05', 'read', 'hi'),
(7, 4, 1, '2025-08-13 14:59:09', 'read', 'hey'),
(8, 1, 4, '2025-08-13 15:00:36', 'read', 'Hi sakhiur'),
(9, 4, 1, '2025-08-13 15:12:01', 'read', 'Hi kafka'),
(10, 1, 4, '2025-08-13 15:13:09', 'read', 'I\'m Kafka'),
(11, 4, 1, '2025-08-13 15:14:04', 'read', 'Ok'),
(12, 4, 1, '2025-08-13 15:18:28', 'read', 'I luv to play honkai star rail'),
(13, 1, 4, '2025-08-13 15:19:08', 'read', 'Me too'),
(14, 1, 4, '2025-08-13 15:23:22', 'read', 'Pls share ur UID'),
(15, 1, 4, '2025-08-13 21:53:19', 'read', 'Hi'),
(16, 4, 1, '2025-08-13 21:53:29', 'read', 'What??'),
(17, 1, 4, '2025-08-13 21:53:37', 'read', 'yo yo'),
(18, 4, 1, '2025-08-13 21:53:42', 'read', 'Sorry,'),
(19, 1, 4, '2025-08-13 21:53:59', 'read', 'I like to play with yo yo'),
(20, 4, 1, '2025-08-13 21:54:07', 'read', 'That\'s funny'),
(21, 4, 1, '2025-08-13 21:54:17', 'read', 'Are u a child??'),
(22, 4, 1, '2025-08-13 21:58:51', 'read', 'No I\'m not'),
(23, 1, 4, '2025-08-13 21:59:06', 'read', 'Come down mate'),
(24, 4, 1, '2025-08-13 21:59:21', 'read', 'Huh'),
(25, 1, 4, '2025-08-13 21:59:30', 'read', 'Are u alright'),
(26, 4, 1, '2025-08-13 21:59:35', 'read', 'yeah'),
(27, 1, 4, '2025-08-13 22:08:42', 'read', 'Hi'),
(28, 4, 1, '2025-08-13 22:08:48', 'read', 'What\'s up'),
(29, 4, 1, '2025-08-13 22:26:22', 'read', 'Yo Tacobell'),
(30, 1, 4, '2025-08-13 22:26:48', 'read', 'Hi'),
(31, 4, 1, '2025-08-13 22:26:56', 'read', '1'),
(32, 1, 4, '2025-08-13 22:26:58', 'read', '2'),
(33, 4, 1, '2025-08-13 22:27:01', 'read', '3'),
(34, 1, 4, '2025-08-13 22:27:04', 'read', '4'),
(35, 1, 4, '2025-08-13 22:27:09', 'read', '5'),
(36, 4, 1, '2025-08-13 22:27:14', 'read', '7'),
(37, 1, 4, '2025-08-13 22:27:16', 'read', '8'),
(38, 4, 1, '2025-08-13 22:27:21', 'read', '9'),
(39, 1, 4, '2025-08-13 22:27:25', 'read', '10'),
(40, 1, 4, '2025-08-13 23:02:56', 'read', '11'),
(41, 4, 1, '2025-08-13 23:03:04', 'read', '12'),
(42, 1, 4, '2025-08-13 23:03:17', 'read', '13'),
(43, 4, 1, '2025-08-13 23:03:22', 'read', '14'),
(44, 4, 1, '2025-08-13 23:05:08', 'read', '15'),
(45, 1, 4, '2025-08-13 23:05:18', 'read', '16'),
(46, 1, 4, '2025-08-13 23:05:32', 'read', '17'),
(47, 4, 1, '2025-08-13 23:05:39', 'read', '18'),
(48, 1, 4, '2025-08-13 23:05:45', 'read', '19'),
(49, 4, 1, '2025-08-13 23:05:49', 'read', '20'),
(50, 1, 4, '2025-08-13 23:06:15', 'read', 'real time'),
(51, 4, 1, '2025-08-13 23:06:26', 'read', '1'),
(52, 1, 4, '2025-08-13 23:06:29', 'read', '2'),
(53, 4, 1, '2025-08-13 23:06:35', 'read', '3'),
(54, 1, 4, '2025-08-13 23:06:39', 'read', '4'),
(55, 4, 1, '2025-08-13 23:06:45', 'read', '5'),
(56, 1, 4, '2025-08-13 23:06:49', 'read', '6'),
(57, 4, 1, '2025-08-13 23:06:55', 'read', '7');

--
-- Triggers `messages`
--
DELIMITER $$
CREATE TRIGGER `log_messages_insert` AFTER INSERT ON `messages` FOR EACH ROW BEGIN
    INSERT INTO messages_log(message_id, action) VALUES (NEW.message_id, 'insert');
END
$$
DELIMITER ;
DELIMITER $$
CREATE TRIGGER `log_messages_update` AFTER UPDATE ON `messages` FOR EACH ROW BEGIN
    INSERT INTO messages_log(message_id, action) VALUES (NEW.message_id, 'update');
END
$$
DELIMITER ;
DELIMITER $$
CREATE TRIGGER `messages_before_insert` BEFORE INSERT ON `messages` FOR EACH ROW BEGIN
    SET NEW.status = 'delivered';
END
$$
DELIMITER ;

-- --------------------------------------------------------

--
-- Table structure for table `messages_log`
--

CREATE TABLE `messages_log` (
  `log_id` bigint(20) NOT NULL,
  `message_id` bigint(20) DEFAULT NULL,
  `action` enum('insert','update') NOT NULL,
  `action_at` datetime DEFAULT current_timestamp()
) ENGINE=InnoDB DEFAULT CHARSET=utf8mb4 COLLATE=utf8mb4_general_ci;

--
-- Dumping data for table `messages_log`
--

INSERT INTO `messages_log` (`log_id`, `message_id`, `action`, `action_at`) VALUES
(1, 4, 'insert', '2025-08-13 14:26:44'),
(2, 5, 'insert', '2025-08-13 14:27:56'),
(3, 5, 'update', '2025-08-13 14:28:01'),
(4, 5, 'update', '2025-08-13 14:28:01'),
(5, 6, 'insert', '2025-08-13 14:28:08'),
(6, 6, 'update', '2025-08-13 14:28:09'),
(7, 6, 'update', '2025-08-13 14:28:12'),
(8, 7, 'insert', '2025-08-13 14:28:29'),
(9, 5, 'update', '2025-08-13 14:28:35'),
(10, 7, 'update', '2025-08-13 14:28:35'),
(11, 6, 'update', '2025-08-13 14:28:41'),
(12, 5, 'update', '2025-08-13 14:28:48'),
(13, 7, 'update', '2025-08-13 14:28:48'),
(14, 6, 'update', '2025-08-13 14:28:49'),
(15, 5, 'update', '2025-08-13 14:28:59'),
(16, 7, 'update', '2025-08-13 14:28:59'),
(17, 5, 'update', '2025-08-13 14:29:05'),
(18, 7, 'update', '2025-08-13 14:29:05'),
(19, 6, 'update', '2025-08-13 14:29:07'),
(20, 6, 'update', '2025-08-13 14:29:13'),
(21, 8, 'insert', '2025-08-13 14:30:27'),
(22, 5, 'update', '2025-08-13 14:30:29'),
(23, 7, 'update', '2025-08-13 14:30:29'),
(24, 8, 'update', '2025-08-13 14:30:29'),
(25, 5, 'update', '2025-08-13 14:30:33'),
(26, 7, 'update', '2025-08-13 14:30:33'),
(27, 8, 'update', '2025-08-13 14:30:33'),
(28, 9, 'insert', '2025-08-13 14:30:41'),
(29, 6, 'update', '2025-08-13 14:30:49'),
(30, 9, 'update', '2025-08-13 14:30:49'),
(31, 5, 'update', '2025-08-13 14:31:08'),
(32, 7, 'update', '2025-08-13 14:31:08'),
(33, 8, 'update', '2025-08-13 14:31:08'),
(34, 6, 'update', '2025-08-13 14:33:03'),
(35, 9, 'update', '2025-08-13 14:33:03'),
(36, 5, 'update', '2025-08-13 14:35:11'),
(37, 7, 'update', '2025-08-13 14:35:11'),
(38, 8, 'update', '2025-08-13 14:35:11'),
(39, 10, 'insert', '2025-08-13 14:35:19'),
(40, 6, 'update', '2025-08-13 14:35:24'),
(41, 9, 'update', '2025-08-13 14:35:24'),
(42, 10, 'update', '2025-08-13 14:35:24'),
(43, 6, 'update', '2025-08-13 14:35:27'),
(44, 9, 'update', '2025-08-13 14:35:27'),
(45, 10, 'update', '2025-08-13 14:35:27'),
(46, 11, 'insert', '2025-08-13 14:35:49'),
(47, 5, 'update', '2025-08-13 14:35:53'),
(48, 7, 'update', '2025-08-13 14:35:53'),
(49, 8, 'update', '2025-08-13 14:35:53'),
(50, 11, 'update', '2025-08-13 14:35:53'),
(51, 6, 'update', '2025-08-13 14:35:54'),
(52, 9, 'update', '2025-08-13 14:35:54'),
(53, 10, 'update', '2025-08-13 14:35:54'),
(54, 6, 'update', '2025-08-13 14:35:59'),
(55, 9, 'update', '2025-08-13 14:35:59'),
(56, 10, 'update', '2025-08-13 14:35:59'),
(57, 5, 'update', '2025-08-13 14:36:22'),
(58, 7, 'update', '2025-08-13 14:36:22'),
(59, 8, 'update', '2025-08-13 14:36:22'),
(60, 11, 'update', '2025-08-13 14:36:22'),
(61, 5, 'update', '2025-08-13 14:36:28'),
(62, 7, 'update', '2025-08-13 14:36:28'),
(63, 8, 'update', '2025-08-13 14:36:28'),
(64, 11, 'update', '2025-08-13 14:36:28'),
(65, 5, 'update', '2025-08-13 14:36:29'),
(66, 7, 'update', '2025-08-13 14:36:29'),
(67, 8, 'update', '2025-08-13 14:36:29'),
(68, 11, 'update', '2025-08-13 14:36:29'),
(69, 5, 'update', '2025-08-13 14:36:29'),
(70, 7, 'update', '2025-08-13 14:36:29'),
(71, 8, 'update', '2025-08-13 14:36:29'),
(72, 11, 'update', '2025-08-13 14:36:29'),
(73, 5, 'update', '2025-08-13 14:36:31'),
(74, 7, 'update', '2025-08-13 14:36:31'),
(75, 8, 'update', '2025-08-13 14:36:31'),
(76, 11, 'update', '2025-08-13 14:36:31'),
(77, 6, 'update', '2025-08-13 14:37:40'),
(78, 9, 'update', '2025-08-13 14:37:40'),
(79, 10, 'update', '2025-08-13 14:37:40'),
(80, 5, 'update', '2025-08-13 14:37:41'),
(81, 7, 'update', '2025-08-13 14:37:41'),
(82, 8, 'update', '2025-08-13 14:37:41'),
(83, 11, 'update', '2025-08-13 14:37:41'),
(84, 5, 'update', '2025-08-13 14:40:09'),
(85, 7, 'update', '2025-08-13 14:40:09'),
(86, 8, 'update', '2025-08-13 14:40:09'),
(87, 11, 'update', '2025-08-13 14:40:09'),
(88, 12, 'insert', '2025-08-13 14:40:27'),
(89, 6, 'update', '2025-08-13 14:40:35'),
(90, 9, 'update', '2025-08-13 14:40:35'),
(91, 10, 'update', '2025-08-13 14:40:35'),
(92, 12, 'update', '2025-08-13 14:40:35'),
(93, 6, 'update', '2025-08-13 14:40:41'),
(94, 9, 'update', '2025-08-13 14:40:41'),
(95, 10, 'update', '2025-08-13 14:40:41'),
(96, 12, 'update', '2025-08-13 14:40:41'),
(97, 6, 'update', '2025-08-13 14:40:46'),
(98, 9, 'update', '2025-08-13 14:40:46'),
(99, 10, 'update', '2025-08-13 14:40:46'),
(100, 12, 'update', '2025-08-13 14:40:46'),
(101, 5, 'update', '2025-08-13 14:41:27'),
(102, 7, 'update', '2025-08-13 14:41:27'),
(103, 8, 'update', '2025-08-13 14:41:27'),
(104, 11, 'update', '2025-08-13 14:41:27'),
(105, 6, 'update', '2025-08-13 14:41:29'),
(106, 9, 'update', '2025-08-13 14:41:29'),
(107, 10, 'update', '2025-08-13 14:41:29'),
(108, 12, 'update', '2025-08-13 14:41:29'),
(109, 5, 'update', '2025-08-13 14:41:44'),
(110, 7, 'update', '2025-08-13 14:41:44'),
(111, 8, 'update', '2025-08-13 14:41:44'),
(112, 11, 'update', '2025-08-13 14:41:44'),
(113, 5, 'update', '2025-08-13 14:41:46'),
(114, 7, 'update', '2025-08-13 14:41:46'),
(115, 8, 'update', '2025-08-13 14:41:46'),
(116, 11, 'update', '2025-08-13 14:41:46'),
(117, 5, 'update', '2025-08-13 14:42:15'),
(118, 7, 'update', '2025-08-13 14:42:15'),
(119, 8, 'update', '2025-08-13 14:42:15'),
(120, 11, 'update', '2025-08-13 14:42:15'),
(121, 13, 'insert', '2025-08-13 14:42:17'),
(122, 5, 'update', '2025-08-13 14:42:34'),
(123, 7, 'update', '2025-08-13 14:42:34'),
(124, 8, 'update', '2025-08-13 14:42:34'),
(125, 11, 'update', '2025-08-13 14:42:34'),
(126, 5, 'update', '2025-08-13 14:46:03'),
(127, 7, 'update', '2025-08-13 14:46:03'),
(128, 8, 'update', '2025-08-13 14:46:03'),
(129, 11, 'update', '2025-08-13 14:46:03'),
(130, 14, 'insert', '2025-08-13 14:46:23'),
(131, 6, 'update', '2025-08-13 14:46:29'),
(132, 9, 'update', '2025-08-13 14:46:29'),
(133, 10, 'update', '2025-08-13 14:46:29'),
(134, 12, 'update', '2025-08-13 14:46:29'),
(135, 13, 'update', '2025-08-13 14:46:29'),
(136, 14, 'update', '2025-08-13 14:46:29'),
(137, 15, 'insert', '2025-08-13 14:46:57'),
(138, 16, 'insert', '2025-08-13 14:47:08'),
(139, 6, 'update', '2025-08-13 14:47:13'),
(140, 9, 'update', '2025-08-13 14:47:13'),
(141, 10, 'update', '2025-08-13 14:47:13'),
(142, 12, 'update', '2025-08-13 14:47:13'),
(143, 13, 'update', '2025-08-13 14:47:13'),
(144, 14, 'update', '2025-08-13 14:47:13'),
(145, 5, 'update', '2025-08-13 14:47:21'),
(146, 7, 'update', '2025-08-13 14:47:21'),
(147, 8, 'update', '2025-08-13 14:47:21'),
(148, 11, 'update', '2025-08-13 14:47:21'),
(149, 15, 'update', '2025-08-13 14:47:21'),
(150, 16, 'update', '2025-08-13 14:47:21'),
(151, 17, 'insert', '2025-08-13 14:47:35'),
(152, 6, 'update', '2025-08-13 14:47:36'),
(153, 9, 'update', '2025-08-13 14:47:36'),
(154, 10, 'update', '2025-08-13 14:47:36'),
(155, 12, 'update', '2025-08-13 14:47:36'),
(156, 13, 'update', '2025-08-13 14:47:36'),
(157, 14, 'update', '2025-08-13 14:47:36'),
(158, 17, 'update', '2025-08-13 14:47:36'),
(159, 5, 'update', '2025-08-13 14:47:48'),
(160, 7, 'update', '2025-08-13 14:47:48'),
(161, 8, 'update', '2025-08-13 14:47:48'),
(162, 11, 'update', '2025-08-13 14:47:48'),
(163, 15, 'update', '2025-08-13 14:47:48'),
(164, 16, 'update', '2025-08-13 14:47:48'),
(165, 6, 'update', '2025-08-13 14:47:49'),
(166, 9, 'update', '2025-08-13 14:47:49'),
(167, 10, 'update', '2025-08-13 14:47:49'),
(168, 12, 'update', '2025-08-13 14:47:49'),
(169, 13, 'update', '2025-08-13 14:47:49'),
(170, 14, 'update', '2025-08-13 14:47:49'),
(171, 17, 'update', '2025-08-13 14:47:49'),
(172, 6, 'update', '2025-08-13 14:47:58'),
(173, 9, 'update', '2025-08-13 14:47:58'),
(174, 10, 'update', '2025-08-13 14:47:58'),
(175, 12, 'update', '2025-08-13 14:47:58'),
(176, 13, 'update', '2025-08-13 14:47:58'),
(177, 14, 'update', '2025-08-13 14:47:58'),
(178, 17, 'update', '2025-08-13 14:47:58'),
(179, 6, 'update', '2025-08-13 14:48:03'),
(180, 9, 'update', '2025-08-13 14:48:03'),
(181, 10, 'update', '2025-08-13 14:48:03'),
(182, 12, 'update', '2025-08-13 14:48:03'),
(183, 13, 'update', '2025-08-13 14:48:03'),
(184, 14, 'update', '2025-08-13 14:48:03'),
(185, 17, 'update', '2025-08-13 14:48:03'),
(186, 5, 'update', '2025-08-13 14:48:05'),
(187, 7, 'update', '2025-08-13 14:48:05'),
(188, 8, 'update', '2025-08-13 14:48:05'),
(189, 11, 'update', '2025-08-13 14:48:05'),
(190, 15, 'update', '2025-08-13 14:48:05'),
(191, 16, 'update', '2025-08-13 14:48:05'),
(192, 5, 'update', '2025-08-13 14:48:35'),
(193, 7, 'update', '2025-08-13 14:48:35'),
(194, 8, 'update', '2025-08-13 14:48:35'),
(195, 11, 'update', '2025-08-13 14:48:35'),
(196, 15, 'update', '2025-08-13 14:48:35'),
(197, 16, 'update', '2025-08-13 14:48:35'),
(198, 5, 'update', '2025-08-13 14:49:11'),
(199, 7, 'update', '2025-08-13 14:49:11'),
(200, 8, 'update', '2025-08-13 14:49:11'),
(201, 11, 'update', '2025-08-13 14:49:11'),
(202, 15, 'update', '2025-08-13 14:49:11'),
(203, 16, 'update', '2025-08-13 14:49:11'),
(204, 5, 'update', '2025-08-13 14:49:15'),
(205, 7, 'update', '2025-08-13 14:49:15'),
(206, 8, 'update', '2025-08-13 14:49:15'),
(207, 11, 'update', '2025-08-13 14:49:15'),
(208, 15, 'update', '2025-08-13 14:49:15'),
(209, 16, 'update', '2025-08-13 14:49:15'),
(210, 1, 'insert', '2025-08-13 14:50:11'),
(211, 2, 'insert', '2025-08-13 14:50:23'),
(212, 1, 'update', '2025-08-13 14:50:25'),
(213, 2, 'update', '2025-08-13 14:50:25'),
(214, 1, 'update', '2025-08-13 14:50:29'),
(215, 2, 'update', '2025-08-13 14:50:29'),
(216, 1, 'update', '2025-08-13 14:50:38'),
(217, 2, 'update', '2025-08-13 14:50:38'),
(218, 3, 'insert', '2025-08-13 14:50:52'),
(219, 4, 'insert', '2025-08-13 14:51:03'),
(220, 3, 'update', '2025-08-13 14:51:04'),
(221, 4, 'update', '2025-08-13 14:51:04'),
(222, 1, 'update', '2025-08-13 14:51:26'),
(223, 2, 'update', '2025-08-13 14:51:26'),
(224, 1, 'update', '2025-08-13 14:51:47'),
(225, 2, 'update', '2025-08-13 14:51:47'),
(226, 5, 'insert', '2025-08-13 14:52:12'),
(227, 3, 'update', '2025-08-13 14:52:18'),
(228, 4, 'update', '2025-08-13 14:52:18'),
(229, 5, 'update', '2025-08-13 14:52:18'),
(230, 1, 'update', '2025-08-13 14:52:23'),
(231, 2, 'update', '2025-08-13 14:52:23'),
(232, 3, 'update', '2025-08-13 14:52:24'),
(233, 4, 'update', '2025-08-13 14:52:24'),
(234, 5, 'update', '2025-08-13 14:52:24'),
(235, 1, 'update', '2025-08-13 14:52:29'),
(236, 2, 'update', '2025-08-13 14:52:29'),
(237, 1, 'update', '2025-08-13 14:53:22'),
(238, 2, 'update', '2025-08-13 14:53:22'),
(239, 3, 'update', '2025-08-13 14:53:23'),
(240, 4, 'update', '2025-08-13 14:53:23'),
(241, 5, 'update', '2025-08-13 14:53:23'),
(242, 3, 'update', '2025-08-13 14:53:59'),
(243, 4, 'update', '2025-08-13 14:53:59'),
(244, 5, 'update', '2025-08-13 14:53:59'),
(245, 6, 'insert', '2025-08-13 14:54:05'),
(246, 1, 'update', '2025-08-13 14:54:25'),
(247, 2, 'update', '2025-08-13 14:54:25'),
(248, 6, 'update', '2025-08-13 14:54:25'),
(249, 1, 'update', '2025-08-13 14:55:14'),
(250, 2, 'update', '2025-08-13 14:55:14'),
(251, 6, 'update', '2025-08-13 14:55:14'),
(252, 1, 'update', '2025-08-13 14:58:38'),
(253, 2, 'update', '2025-08-13 14:58:38'),
(254, 6, 'update', '2025-08-13 14:58:38'),
(255, 1, 'update', '2025-08-13 14:58:41'),
(256, 2, 'update', '2025-08-13 14:58:41'),
(257, 6, 'update', '2025-08-13 14:58:41'),
(258, 7, 'insert', '2025-08-13 14:59:09'),
(259, 1, 'update', '2025-08-13 14:59:37'),
(260, 2, 'update', '2025-08-13 14:59:37'),
(261, 6, 'update', '2025-08-13 14:59:37'),
(262, 1, 'update', '2025-08-13 14:59:55'),
(263, 2, 'update', '2025-08-13 14:59:55'),
(264, 6, 'update', '2025-08-13 14:59:55'),
(265, 1, 'update', '2025-08-13 14:59:57'),
(266, 2, 'update', '2025-08-13 14:59:57'),
(267, 6, 'update', '2025-08-13 14:59:57'),
(268, 3, 'update', '2025-08-13 15:00:24'),
(269, 4, 'update', '2025-08-13 15:00:24'),
(270, 5, 'update', '2025-08-13 15:00:24'),
(271, 7, 'update', '2025-08-13 15:00:24'),
(272, 8, 'insert', '2025-08-13 15:00:36'),
(273, 1, 'update', '2025-08-13 15:01:25'),
(274, 2, 'update', '2025-08-13 15:01:25'),
(275, 6, 'update', '2025-08-13 15:01:25'),
(276, 8, 'update', '2025-08-13 15:01:25'),
(277, 1, 'update', '2025-08-13 15:01:51'),
(278, 2, 'update', '2025-08-13 15:01:51'),
(279, 6, 'update', '2025-08-13 15:01:51'),
(280, 8, 'update', '2025-08-13 15:01:51'),
(281, 1, 'update', '2025-08-13 15:02:26'),
(282, 2, 'update', '2025-08-13 15:02:26'),
(283, 6, 'update', '2025-08-13 15:02:26'),
(284, 8, 'update', '2025-08-13 15:02:26'),
(285, 1, 'update', '2025-08-13 15:02:44'),
(286, 2, 'update', '2025-08-13 15:02:44'),
(287, 6, 'update', '2025-08-13 15:02:44'),
(288, 8, 'update', '2025-08-13 15:02:44'),
(289, 1, 'update', '2025-08-13 15:02:50'),
(290, 2, 'update', '2025-08-13 15:02:50'),
(291, 6, 'update', '2025-08-13 15:02:50'),
(292, 8, 'update', '2025-08-13 15:02:50'),
(293, 1, 'update', '2025-08-13 15:06:12'),
(294, 2, 'update', '2025-08-13 15:06:12'),
(295, 6, 'update', '2025-08-13 15:06:12'),
(296, 8, 'update', '2025-08-13 15:06:12'),
(297, 1, 'update', '2025-08-13 15:08:50'),
(298, 2, 'update', '2025-08-13 15:08:50'),
(299, 6, 'update', '2025-08-13 15:08:50'),
(300, 8, 'update', '2025-08-13 15:08:50'),
(301, 1, 'update', '2025-08-13 15:08:53'),
(302, 2, 'update', '2025-08-13 15:08:53'),
(303, 6, 'update', '2025-08-13 15:08:53'),
(304, 8, 'update', '2025-08-13 15:08:53'),
(305, 1, 'update', '2025-08-13 15:09:10'),
(306, 2, 'update', '2025-08-13 15:09:10'),
(307, 6, 'update', '2025-08-13 15:09:10'),
(308, 8, 'update', '2025-08-13 15:09:10'),
(309, 1, 'update', '2025-08-13 15:11:42'),
(310, 2, 'update', '2025-08-13 15:11:42'),
(311, 6, 'update', '2025-08-13 15:11:42'),
(312, 8, 'update', '2025-08-13 15:11:42'),
(313, 9, 'insert', '2025-08-13 15:12:01'),
(314, 1, 'update', '2025-08-13 15:12:26'),
(315, 2, 'update', '2025-08-13 15:12:26'),
(316, 6, 'update', '2025-08-13 15:12:26'),
(317, 8, 'update', '2025-08-13 15:12:26'),
(318, 3, 'update', '2025-08-13 15:12:48'),
(319, 4, 'update', '2025-08-13 15:12:48'),
(320, 5, 'update', '2025-08-13 15:12:48'),
(321, 7, 'update', '2025-08-13 15:12:48'),
(322, 9, 'update', '2025-08-13 15:12:48'),
(323, 10, 'insert', '2025-08-13 15:13:09'),
(324, 1, 'update', '2025-08-13 15:13:30'),
(325, 2, 'update', '2025-08-13 15:13:30'),
(326, 6, 'update', '2025-08-13 15:13:30'),
(327, 8, 'update', '2025-08-13 15:13:30'),
(328, 10, 'update', '2025-08-13 15:13:30'),
(329, 1, 'update', '2025-08-13 15:13:51'),
(330, 2, 'update', '2025-08-13 15:13:51'),
(331, 6, 'update', '2025-08-13 15:13:51'),
(332, 8, 'update', '2025-08-13 15:13:51'),
(333, 10, 'update', '2025-08-13 15:13:51'),
(334, 11, 'insert', '2025-08-13 15:14:04'),
(335, 1, 'update', '2025-08-13 15:14:15'),
(336, 2, 'update', '2025-08-13 15:14:15'),
(337, 6, 'update', '2025-08-13 15:14:15'),
(338, 8, 'update', '2025-08-13 15:14:15'),
(339, 10, 'update', '2025-08-13 15:14:15'),
(340, 1, 'update', '2025-08-13 15:14:46'),
(341, 2, 'update', '2025-08-13 15:14:46'),
(342, 6, 'update', '2025-08-13 15:14:46'),
(343, 8, 'update', '2025-08-13 15:14:46'),
(344, 10, 'update', '2025-08-13 15:14:46'),
(345, 1, 'update', '2025-08-13 15:17:03'),
(346, 2, 'update', '2025-08-13 15:17:03'),
(347, 6, 'update', '2025-08-13 15:17:03'),
(348, 8, 'update', '2025-08-13 15:17:03'),
(349, 10, 'update', '2025-08-13 15:17:03'),
(350, 1, 'update', '2025-08-13 15:17:06'),
(351, 2, 'update', '2025-08-13 15:17:06'),
(352, 6, 'update', '2025-08-13 15:17:06'),
(353, 8, 'update', '2025-08-13 15:17:06'),
(354, 10, 'update', '2025-08-13 15:17:06'),
(355, 1, 'update', '2025-08-13 15:17:39'),
(356, 2, 'update', '2025-08-13 15:17:39'),
(357, 6, 'update', '2025-08-13 15:17:39'),
(358, 8, 'update', '2025-08-13 15:17:39'),
(359, 10, 'update', '2025-08-13 15:17:39'),
(360, 12, 'insert', '2025-08-13 15:18:28'),
(361, 3, 'update', '2025-08-13 15:18:50'),
(362, 4, 'update', '2025-08-13 15:18:50'),
(363, 5, 'update', '2025-08-13 15:18:50'),
(364, 7, 'update', '2025-08-13 15:18:50'),
(365, 9, 'update', '2025-08-13 15:18:50'),
(366, 11, 'update', '2025-08-13 15:18:50'),
(367, 12, 'update', '2025-08-13 15:18:50'),
(368, 13, 'insert', '2025-08-13 15:19:08'),
(369, 3, 'update', '2025-08-13 15:22:57'),
(370, 4, 'update', '2025-08-13 15:22:57'),
(371, 5, 'update', '2025-08-13 15:22:57'),
(372, 7, 'update', '2025-08-13 15:22:57'),
(373, 9, 'update', '2025-08-13 15:22:57'),
(374, 11, 'update', '2025-08-13 15:22:57'),
(375, 12, 'update', '2025-08-13 15:22:57'),
(376, 3, 'update', '2025-08-13 15:23:00'),
(377, 4, 'update', '2025-08-13 15:23:00'),
(378, 5, 'update', '2025-08-13 15:23:00'),
(379, 7, 'update', '2025-08-13 15:23:00'),
(380, 9, 'update', '2025-08-13 15:23:00'),
(381, 11, 'update', '2025-08-13 15:23:00'),
(382, 12, 'update', '2025-08-13 15:23:00'),
(383, 3, 'update', '2025-08-13 15:23:01'),
(384, 4, 'update', '2025-08-13 15:23:01'),
(385, 5, 'update', '2025-08-13 15:23:01'),
(386, 7, 'update', '2025-08-13 15:23:01'),
(387, 9, 'update', '2025-08-13 15:23:01'),
(388, 11, 'update', '2025-08-13 15:23:01'),
(389, 12, 'update', '2025-08-13 15:23:01'),
(390, 3, 'update', '2025-08-13 15:23:01'),
(391, 4, 'update', '2025-08-13 15:23:01'),
(392, 5, 'update', '2025-08-13 15:23:01'),
(393, 7, 'update', '2025-08-13 15:23:01'),
(394, 9, 'update', '2025-08-13 15:23:01'),
(395, 11, 'update', '2025-08-13 15:23:01'),
(396, 12, 'update', '2025-08-13 15:23:01'),
(397, 3, 'update', '2025-08-13 15:23:01'),
(398, 4, 'update', '2025-08-13 15:23:01'),
(399, 5, 'update', '2025-08-13 15:23:01'),
(400, 7, 'update', '2025-08-13 15:23:01'),
(401, 9, 'update', '2025-08-13 15:23:01'),
(402, 11, 'update', '2025-08-13 15:23:01'),
(403, 12, 'update', '2025-08-13 15:23:01'),
(404, 3, 'update', '2025-08-13 15:23:01'),
(405, 4, 'update', '2025-08-13 15:23:01'),
(406, 5, 'update', '2025-08-13 15:23:01'),
(407, 7, 'update', '2025-08-13 15:23:01'),
(408, 9, 'update', '2025-08-13 15:23:01'),
(409, 11, 'update', '2025-08-13 15:23:01'),
(410, 12, 'update', '2025-08-13 15:23:01'),
(411, 3, 'update', '2025-08-13 15:23:01'),
(412, 4, 'update', '2025-08-13 15:23:01'),
(413, 5, 'update', '2025-08-13 15:23:01'),
(414, 7, 'update', '2025-08-13 15:23:01'),
(415, 9, 'update', '2025-08-13 15:23:01'),
(416, 11, 'update', '2025-08-13 15:23:01'),
(417, 12, 'update', '2025-08-13 15:23:01'),
(418, 3, 'update', '2025-08-13 15:23:01'),
(419, 4, 'update', '2025-08-13 15:23:01'),
(420, 5, 'update', '2025-08-13 15:23:01'),
(421, 7, 'update', '2025-08-13 15:23:01'),
(422, 9, 'update', '2025-08-13 15:23:01'),
(423, 11, 'update', '2025-08-13 15:23:01'),
(424, 12, 'update', '2025-08-13 15:23:01'),
(425, 3, 'update', '2025-08-13 15:23:01'),
(426, 4, 'update', '2025-08-13 15:23:01'),
(427, 5, 'update', '2025-08-13 15:23:01'),
(428, 7, 'update', '2025-08-13 15:23:01'),
(429, 9, 'update', '2025-08-13 15:23:01'),
(430, 11, 'update', '2025-08-13 15:23:01'),
(431, 12, 'update', '2025-08-13 15:23:01'),
(432, 3, 'update', '2025-08-13 15:23:05'),
(433, 4, 'update', '2025-08-13 15:23:05'),
(434, 5, 'update', '2025-08-13 15:23:05'),
(435, 7, 'update', '2025-08-13 15:23:05'),
(436, 9, 'update', '2025-08-13 15:23:05'),
(437, 11, 'update', '2025-08-13 15:23:05'),
(438, 12, 'update', '2025-08-13 15:23:05'),
(439, 3, 'update', '2025-08-13 15:23:06'),
(440, 4, 'update', '2025-08-13 15:23:06'),
(441, 5, 'update', '2025-08-13 15:23:06'),
(442, 7, 'update', '2025-08-13 15:23:06'),
(443, 9, 'update', '2025-08-13 15:23:06'),
(444, 11, 'update', '2025-08-13 15:23:06'),
(445, 12, 'update', '2025-08-13 15:23:06'),
(446, 3, 'update', '2025-08-13 15:23:06'),
(447, 4, 'update', '2025-08-13 15:23:06'),
(448, 5, 'update', '2025-08-13 15:23:06'),
(449, 7, 'update', '2025-08-13 15:23:06'),
(450, 9, 'update', '2025-08-13 15:23:06'),
(451, 11, 'update', '2025-08-13 15:23:06'),
(452, 12, 'update', '2025-08-13 15:23:06'),
(453, 14, 'insert', '2025-08-13 15:23:22'),
(454, 3, 'update', '2025-08-13 15:23:34'),
(455, 4, 'update', '2025-08-13 15:23:34'),
(456, 5, 'update', '2025-08-13 15:23:34'),
(457, 7, 'update', '2025-08-13 15:23:34'),
(458, 9, 'update', '2025-08-13 15:23:34'),
(459, 11, 'update', '2025-08-13 15:23:34'),
(460, 12, 'update', '2025-08-13 15:23:34'),
(461, 3, 'update', '2025-08-13 15:24:15'),
(462, 4, 'update', '2025-08-13 15:24:15'),
(463, 5, 'update', '2025-08-13 15:24:15'),
(464, 7, 'update', '2025-08-13 15:24:15'),
(465, 9, 'update', '2025-08-13 15:24:15'),
(466, 11, 'update', '2025-08-13 15:24:15'),
(467, 12, 'update', '2025-08-13 15:24:15'),
(468, 3, 'update', '2025-08-13 15:25:17'),
(469, 4, 'update', '2025-08-13 15:25:17'),
(470, 5, 'update', '2025-08-13 15:25:17'),
(471, 7, 'update', '2025-08-13 15:25:17'),
(472, 9, 'update', '2025-08-13 15:25:17'),
(473, 11, 'update', '2025-08-13 15:25:17'),
(474, 12, 'update', '2025-08-13 15:25:17'),
(475, 3, 'update', '2025-08-13 15:25:22'),
(476, 4, 'update', '2025-08-13 15:25:22'),
(477, 5, 'update', '2025-08-13 15:25:22'),
(478, 7, 'update', '2025-08-13 15:25:22'),
(479, 9, 'update', '2025-08-13 15:25:22'),
(480, 11, 'update', '2025-08-13 15:25:22'),
(481, 12, 'update', '2025-08-13 15:25:22'),
(482, 3, 'update', '2025-08-13 15:25:23'),
(483, 4, 'update', '2025-08-13 15:25:23'),
(484, 5, 'update', '2025-08-13 15:25:23'),
(485, 7, 'update', '2025-08-13 15:25:23'),
(486, 9, 'update', '2025-08-13 15:25:23'),
(487, 11, 'update', '2025-08-13 15:25:23'),
(488, 12, 'update', '2025-08-13 15:25:23'),
(489, 3, 'update', '2025-08-13 15:25:23'),
(490, 4, 'update', '2025-08-13 15:25:23'),
(491, 5, 'update', '2025-08-13 15:25:23'),
(492, 7, 'update', '2025-08-13 15:25:23'),
(493, 9, 'update', '2025-08-13 15:25:23'),
(494, 11, 'update', '2025-08-13 15:25:23'),
(495, 12, 'update', '2025-08-13 15:25:23'),
(496, 3, 'update', '2025-08-13 15:25:23'),
(497, 4, 'update', '2025-08-13 15:25:23'),
(498, 5, 'update', '2025-08-13 15:25:23'),
(499, 7, 'update', '2025-08-13 15:25:23'),
(500, 9, 'update', '2025-08-13 15:25:23'),
(501, 11, 'update', '2025-08-13 15:25:23'),
(502, 12, 'update', '2025-08-13 15:25:23'),
(503, 3, 'update', '2025-08-13 15:25:23'),
(504, 4, 'update', '2025-08-13 15:25:23'),
(505, 5, 'update', '2025-08-13 15:25:23'),
(506, 7, 'update', '2025-08-13 15:25:23'),
(507, 9, 'update', '2025-08-13 15:25:23'),
(508, 11, 'update', '2025-08-13 15:25:23'),
(509, 12, 'update', '2025-08-13 15:25:23'),
(510, 3, 'update', '2025-08-13 15:25:23'),
(511, 4, 'update', '2025-08-13 15:25:23'),
(512, 5, 'update', '2025-08-13 15:25:23'),
(513, 7, 'update', '2025-08-13 15:25:23'),
(514, 9, 'update', '2025-08-13 15:25:23'),
(515, 11, 'update', '2025-08-13 15:25:23'),
(516, 12, 'update', '2025-08-13 15:25:23'),
(517, 3, 'update', '2025-08-13 15:25:23'),
(518, 4, 'update', '2025-08-13 15:25:23'),
(519, 5, 'update', '2025-08-13 15:25:23'),
(520, 7, 'update', '2025-08-13 15:25:23'),
(521, 9, 'update', '2025-08-13 15:25:23'),
(522, 11, 'update', '2025-08-13 15:25:23'),
(523, 12, 'update', '2025-08-13 15:25:23'),
(524, 3, 'update', '2025-08-13 15:25:23'),
(525, 4, 'update', '2025-08-13 15:25:23'),
(526, 5, 'update', '2025-08-13 15:25:23'),
(527, 7, 'update', '2025-08-13 15:25:23'),
(528, 9, 'update', '2025-08-13 15:25:23'),
(529, 11, 'update', '2025-08-13 15:25:23'),
(530, 12, 'update', '2025-08-13 15:25:23'),
(531, 3, 'update', '2025-08-13 15:25:42'),
(532, 4, 'update', '2025-08-13 15:25:42'),
(533, 5, 'update', '2025-08-13 15:25:42'),
(534, 7, 'update', '2025-08-13 15:25:42'),
(535, 9, 'update', '2025-08-13 15:25:42'),
(536, 11, 'update', '2025-08-13 15:25:42'),
(537, 12, 'update', '2025-08-13 15:25:42'),
(538, 3, 'update', '2025-08-13 15:25:50'),
(539, 4, 'update', '2025-08-13 15:25:50'),
(540, 5, 'update', '2025-08-13 15:25:50'),
(541, 7, 'update', '2025-08-13 15:25:50'),
(542, 9, 'update', '2025-08-13 15:25:50'),
(543, 11, 'update', '2025-08-13 15:25:50'),
(544, 12, 'update', '2025-08-13 15:25:50'),
(545, 3, 'update', '2025-08-13 15:25:51'),
(546, 4, 'update', '2025-08-13 15:25:51'),
(547, 5, 'update', '2025-08-13 15:25:51'),
(548, 7, 'update', '2025-08-13 15:25:51'),
(549, 9, 'update', '2025-08-13 15:25:51'),
(550, 11, 'update', '2025-08-13 15:25:51'),
(551, 12, 'update', '2025-08-13 15:25:51'),
(552, 3, 'update', '2025-08-13 15:25:52'),
(553, 4, 'update', '2025-08-13 15:25:52'),
(554, 5, 'update', '2025-08-13 15:25:52'),
(555, 7, 'update', '2025-08-13 15:25:52'),
(556, 9, 'update', '2025-08-13 15:25:52'),
(557, 11, 'update', '2025-08-13 15:25:52'),
(558, 12, 'update', '2025-08-13 15:25:52'),
(559, 3, 'update', '2025-08-13 15:25:52'),
(560, 4, 'update', '2025-08-13 15:25:52'),
(561, 5, 'update', '2025-08-13 15:25:52'),
(562, 7, 'update', '2025-08-13 15:25:52'),
(563, 9, 'update', '2025-08-13 15:25:52'),
(564, 11, 'update', '2025-08-13 15:25:52'),
(565, 12, 'update', '2025-08-13 15:25:52'),
(566, 3, 'update', '2025-08-13 15:25:53'),
(567, 4, 'update', '2025-08-13 15:25:53'),
(568, 5, 'update', '2025-08-13 15:25:53'),
(569, 7, 'update', '2025-08-13 15:25:53'),
(570, 9, 'update', '2025-08-13 15:25:53'),
(571, 11, 'update', '2025-08-13 15:25:53'),
(572, 12, 'update', '2025-08-13 15:25:53'),
(573, 3, 'update', '2025-08-13 15:25:54'),
(574, 4, 'update', '2025-08-13 15:25:54'),
(575, 5, 'update', '2025-08-13 15:25:54'),
(576, 7, 'update', '2025-08-13 15:25:54'),
(577, 9, 'update', '2025-08-13 15:25:54'),
(578, 11, 'update', '2025-08-13 15:25:54'),
(579, 12, 'update', '2025-08-13 15:25:54'),
(580, 3, 'update', '2025-08-13 15:25:54'),
(581, 4, 'update', '2025-08-13 15:25:54'),
(582, 5, 'update', '2025-08-13 15:25:54'),
(583, 7, 'update', '2025-08-13 15:25:54'),
(584, 9, 'update', '2025-08-13 15:25:54'),
(585, 11, 'update', '2025-08-13 15:25:54'),
(586, 12, 'update', '2025-08-13 15:25:54'),
(587, 3, 'update', '2025-08-13 15:25:55'),
(588, 4, 'update', '2025-08-13 15:25:55'),
(589, 5, 'update', '2025-08-13 15:25:55'),
(590, 7, 'update', '2025-08-13 15:25:55'),
(591, 9, 'update', '2025-08-13 15:25:55'),
(592, 11, 'update', '2025-08-13 15:25:55'),
(593, 12, 'update', '2025-08-13 15:25:55'),
(594, 3, 'update', '2025-08-13 15:29:39'),
(595, 4, 'update', '2025-08-13 15:29:39'),
(596, 5, 'update', '2025-08-13 15:29:39'),
(597, 7, 'update', '2025-08-13 15:29:39'),
(598, 9, 'update', '2025-08-13 15:29:39'),
(599, 11, 'update', '2025-08-13 15:29:39'),
(600, 12, 'update', '2025-08-13 15:29:39'),
(601, 3, 'update', '2025-08-13 15:29:56'),
(602, 4, 'update', '2025-08-13 15:29:56'),
(603, 5, 'update', '2025-08-13 15:29:56'),
(604, 7, 'update', '2025-08-13 15:29:56'),
(605, 9, 'update', '2025-08-13 15:29:56'),
(606, 11, 'update', '2025-08-13 15:29:56'),
(607, 12, 'update', '2025-08-13 15:29:56'),
(608, 3, 'update', '2025-08-13 20:21:40'),
(609, 4, 'update', '2025-08-13 20:21:40'),
(610, 5, 'update', '2025-08-13 20:21:40'),
(611, 7, 'update', '2025-08-13 20:21:40'),
(612, 9, 'update', '2025-08-13 20:21:40'),
(613, 11, 'update', '2025-08-13 20:21:40'),
(614, 12, 'update', '2025-08-13 20:21:40'),
(615, 3, 'update', '2025-08-13 20:21:46'),
(616, 4, 'update', '2025-08-13 20:21:46'),
(617, 5, 'update', '2025-08-13 20:21:46'),
(618, 7, 'update', '2025-08-13 20:21:46'),
(619, 9, 'update', '2025-08-13 20:21:46'),
(620, 11, 'update', '2025-08-13 20:21:46'),
(621, 12, 'update', '2025-08-13 20:21:46'),
(622, 3, 'update', '2025-08-13 20:21:47'),
(623, 4, 'update', '2025-08-13 20:21:47'),
(624, 5, 'update', '2025-08-13 20:21:47'),
(625, 7, 'update', '2025-08-13 20:21:47'),
(626, 9, 'update', '2025-08-13 20:21:47'),
(627, 11, 'update', '2025-08-13 20:21:47'),
(628, 12, 'update', '2025-08-13 20:21:47'),
(629, 3, 'update', '2025-08-13 21:52:45'),
(630, 4, 'update', '2025-08-13 21:52:45'),
(631, 5, 'update', '2025-08-13 21:52:45'),
(632, 7, 'update', '2025-08-13 21:52:45'),
(633, 9, 'update', '2025-08-13 21:52:45'),
(634, 11, 'update', '2025-08-13 21:52:45'),
(635, 12, 'update', '2025-08-13 21:52:45'),
(636, 1, 'update', '2025-08-13 21:53:06'),
(637, 2, 'update', '2025-08-13 21:53:06'),
(638, 6, 'update', '2025-08-13 21:53:06'),
(639, 8, 'update', '2025-08-13 21:53:06'),
(640, 10, 'update', '2025-08-13 21:53:06'),
(641, 13, 'update', '2025-08-13 21:53:06'),
(642, 14, 'update', '2025-08-13 21:53:06'),
(643, 1, 'update', '2025-08-13 21:53:09'),
(644, 2, 'update', '2025-08-13 21:53:09'),
(645, 6, 'update', '2025-08-13 21:53:09'),
(646, 8, 'update', '2025-08-13 21:53:09'),
(647, 10, 'update', '2025-08-13 21:53:09'),
(648, 13, 'update', '2025-08-13 21:53:09'),
(649, 14, 'update', '2025-08-13 21:53:09'),
(650, 3, 'update', '2025-08-13 21:53:11'),
(651, 4, 'update', '2025-08-13 21:53:11'),
(652, 5, 'update', '2025-08-13 21:53:11'),
(653, 7, 'update', '2025-08-13 21:53:11'),
(654, 9, 'update', '2025-08-13 21:53:11'),
(655, 11, 'update', '2025-08-13 21:53:11'),
(656, 12, 'update', '2025-08-13 21:53:11'),
(657, 1, 'update', '2025-08-13 21:53:12'),
(658, 2, 'update', '2025-08-13 21:53:12'),
(659, 6, 'update', '2025-08-13 21:53:12'),
(660, 8, 'update', '2025-08-13 21:53:12'),
(661, 10, 'update', '2025-08-13 21:53:12'),
(662, 13, 'update', '2025-08-13 21:53:12'),
(663, 14, 'update', '2025-08-13 21:53:12'),
(664, 3, 'update', '2025-08-13 21:53:13'),
(665, 4, 'update', '2025-08-13 21:53:13'),
(666, 5, 'update', '2025-08-13 21:53:13'),
(667, 7, 'update', '2025-08-13 21:53:13'),
(668, 9, 'update', '2025-08-13 21:53:13'),
(669, 11, 'update', '2025-08-13 21:53:13'),
(670, 12, 'update', '2025-08-13 21:53:13'),
(671, 3, 'update', '2025-08-13 21:53:14'),
(672, 4, 'update', '2025-08-13 21:53:14'),
(673, 5, 'update', '2025-08-13 21:53:14'),
(674, 7, 'update', '2025-08-13 21:53:14'),
(675, 9, 'update', '2025-08-13 21:53:14'),
(676, 11, 'update', '2025-08-13 21:53:14'),
(677, 12, 'update', '2025-08-13 21:53:14'),
(678, 15, 'insert', '2025-08-13 21:53:19'),
(679, 1, 'update', '2025-08-13 21:53:20'),
(680, 2, 'update', '2025-08-13 21:53:20'),
(681, 6, 'update', '2025-08-13 21:53:20'),
(682, 8, 'update', '2025-08-13 21:53:20'),
(683, 10, 'update', '2025-08-13 21:53:20'),
(684, 13, 'update', '2025-08-13 21:53:20'),
(685, 14, 'update', '2025-08-13 21:53:20'),
(686, 15, 'update', '2025-08-13 21:53:20'),
(687, 1, 'update', '2025-08-13 21:53:22'),
(688, 2, 'update', '2025-08-13 21:53:22'),
(689, 6, 'update', '2025-08-13 21:53:22'),
(690, 8, 'update', '2025-08-13 21:53:22'),
(691, 10, 'update', '2025-08-13 21:53:22'),
(692, 13, 'update', '2025-08-13 21:53:22'),
(693, 14, 'update', '2025-08-13 21:53:22'),
(694, 15, 'update', '2025-08-13 21:53:22'),
(695, 16, 'insert', '2025-08-13 21:53:29'),
(696, 3, 'update', '2025-08-13 21:53:30'),
(697, 4, 'update', '2025-08-13 21:53:30'),
(698, 5, 'update', '2025-08-13 21:53:30'),
(699, 7, 'update', '2025-08-13 21:53:30'),
(700, 9, 'update', '2025-08-13 21:53:30'),
(701, 11, 'update', '2025-08-13 21:53:30'),
(702, 12, 'update', '2025-08-13 21:53:30'),
(703, 16, 'update', '2025-08-13 21:53:30'),
(704, 3, 'update', '2025-08-13 21:53:31'),
(705, 4, 'update', '2025-08-13 21:53:31'),
(706, 5, 'update', '2025-08-13 21:53:31'),
(707, 7, 'update', '2025-08-13 21:53:31'),
(708, 9, 'update', '2025-08-13 21:53:31'),
(709, 11, 'update', '2025-08-13 21:53:31'),
(710, 12, 'update', '2025-08-13 21:53:31'),
(711, 16, 'update', '2025-08-13 21:53:31'),
(712, 17, 'insert', '2025-08-13 21:53:37'),
(713, 1, 'update', '2025-08-13 21:53:38'),
(714, 2, 'update', '2025-08-13 21:53:38'),
(715, 6, 'update', '2025-08-13 21:53:38'),
(716, 8, 'update', '2025-08-13 21:53:38'),
(717, 10, 'update', '2025-08-13 21:53:38'),
(718, 13, 'update', '2025-08-13 21:53:38'),
(719, 14, 'update', '2025-08-13 21:53:38'),
(720, 15, 'update', '2025-08-13 21:53:38'),
(721, 17, 'update', '2025-08-13 21:53:38'),
(722, 1, 'update', '2025-08-13 21:53:39'),
(723, 2, 'update', '2025-08-13 21:53:39'),
(724, 6, 'update', '2025-08-13 21:53:39'),
(725, 8, 'update', '2025-08-13 21:53:39'),
(726, 10, 'update', '2025-08-13 21:53:39'),
(727, 13, 'update', '2025-08-13 21:53:39'),
(728, 14, 'update', '2025-08-13 21:53:39'),
(729, 15, 'update', '2025-08-13 21:53:39'),
(730, 17, 'update', '2025-08-13 21:53:39'),
(731, 18, 'insert', '2025-08-13 21:53:42'),
(732, 3, 'update', '2025-08-13 21:53:44'),
(733, 4, 'update', '2025-08-13 21:53:44'),
(734, 5, 'update', '2025-08-13 21:53:44'),
(735, 7, 'update', '2025-08-13 21:53:44'),
(736, 9, 'update', '2025-08-13 21:53:44'),
(737, 11, 'update', '2025-08-13 21:53:44'),
(738, 12, 'update', '2025-08-13 21:53:44'),
(739, 16, 'update', '2025-08-13 21:53:44'),
(740, 18, 'update', '2025-08-13 21:53:44'),
(741, 3, 'update', '2025-08-13 21:53:44'),
(742, 4, 'update', '2025-08-13 21:53:44'),
(743, 5, 'update', '2025-08-13 21:53:44'),
(744, 7, 'update', '2025-08-13 21:53:44'),
(745, 9, 'update', '2025-08-13 21:53:44'),
(746, 11, 'update', '2025-08-13 21:53:44'),
(747, 12, 'update', '2025-08-13 21:53:44'),
(748, 16, 'update', '2025-08-13 21:53:44'),
(749, 18, 'update', '2025-08-13 21:53:44'),
(750, 19, 'insert', '2025-08-13 21:53:59'),
(751, 1, 'update', '2025-08-13 21:54:00'),
(752, 2, 'update', '2025-08-13 21:54:00'),
(753, 6, 'update', '2025-08-13 21:54:00'),
(754, 8, 'update', '2025-08-13 21:54:00'),
(755, 10, 'update', '2025-08-13 21:54:00'),
(756, 13, 'update', '2025-08-13 21:54:00'),
(757, 14, 'update', '2025-08-13 21:54:00'),
(758, 15, 'update', '2025-08-13 21:54:00'),
(759, 17, 'update', '2025-08-13 21:54:00'),
(760, 19, 'update', '2025-08-13 21:54:00'),
(761, 1, 'update', '2025-08-13 21:54:01'),
(762, 2, 'update', '2025-08-13 21:54:01'),
(763, 6, 'update', '2025-08-13 21:54:01'),
(764, 8, 'update', '2025-08-13 21:54:01'),
(765, 10, 'update', '2025-08-13 21:54:01'),
(766, 13, 'update', '2025-08-13 21:54:01'),
(767, 14, 'update', '2025-08-13 21:54:01'),
(768, 15, 'update', '2025-08-13 21:54:01'),
(769, 17, 'update', '2025-08-13 21:54:01'),
(770, 19, 'update', '2025-08-13 21:54:01'),
(771, 20, 'insert', '2025-08-13 21:54:07'),
(772, 3, 'update', '2025-08-13 21:54:08'),
(773, 4, 'update', '2025-08-13 21:54:08'),
(774, 5, 'update', '2025-08-13 21:54:08'),
(775, 7, 'update', '2025-08-13 21:54:08'),
(776, 9, 'update', '2025-08-13 21:54:08'),
(777, 11, 'update', '2025-08-13 21:54:08'),
(778, 12, 'update', '2025-08-13 21:54:08'),
(779, 16, 'update', '2025-08-13 21:54:08'),
(780, 18, 'update', '2025-08-13 21:54:08'),
(781, 20, 'update', '2025-08-13 21:54:08'),
(782, 3, 'update', '2025-08-13 21:54:08'),
(783, 4, 'update', '2025-08-13 21:54:08'),
(784, 5, 'update', '2025-08-13 21:54:08'),
(785, 7, 'update', '2025-08-13 21:54:08'),
(786, 9, 'update', '2025-08-13 21:54:08'),
(787, 11, 'update', '2025-08-13 21:54:08'),
(788, 12, 'update', '2025-08-13 21:54:08'),
(789, 16, 'update', '2025-08-13 21:54:08'),
(790, 18, 'update', '2025-08-13 21:54:08'),
(791, 20, 'update', '2025-08-13 21:54:08'),
(792, 1, 'update', '2025-08-13 21:54:09'),
(793, 2, 'update', '2025-08-13 21:54:09'),
(794, 6, 'update', '2025-08-13 21:54:09'),
(795, 8, 'update', '2025-08-13 21:54:09'),
(796, 10, 'update', '2025-08-13 21:54:09'),
(797, 13, 'update', '2025-08-13 21:54:09'),
(798, 14, 'update', '2025-08-13 21:54:09'),
(799, 15, 'update', '2025-08-13 21:54:09'),
(800, 17, 'update', '2025-08-13 21:54:09'),
(801, 19, 'update', '2025-08-13 21:54:09'),
(802, 21, 'insert', '2025-08-13 21:54:17'),
(803, 3, 'update', '2025-08-13 21:54:18'),
(804, 4, 'update', '2025-08-13 21:54:18'),
(805, 5, 'update', '2025-08-13 21:54:18'),
(806, 7, 'update', '2025-08-13 21:54:18'),
(807, 9, 'update', '2025-08-13 21:54:18'),
(808, 11, 'update', '2025-08-13 21:54:18'),
(809, 12, 'update', '2025-08-13 21:54:18'),
(810, 16, 'update', '2025-08-13 21:54:18'),
(811, 18, 'update', '2025-08-13 21:54:18'),
(812, 20, 'update', '2025-08-13 21:54:18'),
(813, 21, 'update', '2025-08-13 21:54:18'),
(814, 3, 'update', '2025-08-13 21:54:19'),
(815, 4, 'update', '2025-08-13 21:54:19'),
(816, 5, 'update', '2025-08-13 21:54:19'),
(817, 7, 'update', '2025-08-13 21:54:19'),
(818, 9, 'update', '2025-08-13 21:54:19'),
(819, 11, 'update', '2025-08-13 21:54:19'),
(820, 12, 'update', '2025-08-13 21:54:19'),
(821, 16, 'update', '2025-08-13 21:54:19'),
(822, 18, 'update', '2025-08-13 21:54:19'),
(823, 20, 'update', '2025-08-13 21:54:19'),
(824, 21, 'update', '2025-08-13 21:54:19'),
(825, 3, 'update', '2025-08-13 21:54:38'),
(826, 4, 'update', '2025-08-13 21:54:38'),
(827, 5, 'update', '2025-08-13 21:54:38'),
(828, 7, 'update', '2025-08-13 21:54:38'),
(829, 9, 'update', '2025-08-13 21:54:38'),
(830, 11, 'update', '2025-08-13 21:54:38'),
(831, 12, 'update', '2025-08-13 21:54:38'),
(832, 16, 'update', '2025-08-13 21:54:38'),
(833, 18, 'update', '2025-08-13 21:54:38'),
(834, 20, 'update', '2025-08-13 21:54:38'),
(835, 21, 'update', '2025-08-13 21:54:38'),
(836, 3, 'update', '2025-08-13 21:58:42'),
(837, 4, 'update', '2025-08-13 21:58:42'),
(838, 5, 'update', '2025-08-13 21:58:42'),
(839, 7, 'update', '2025-08-13 21:58:42'),
(840, 9, 'update', '2025-08-13 21:58:42'),
(841, 11, 'update', '2025-08-13 21:58:42'),
(842, 12, 'update', '2025-08-13 21:58:42'),
(843, 16, 'update', '2025-08-13 21:58:42'),
(844, 18, 'update', '2025-08-13 21:58:42'),
(845, 20, 'update', '2025-08-13 21:58:42'),
(846, 21, 'update', '2025-08-13 21:58:42'),
(847, 1, 'update', '2025-08-13 21:58:44'),
(848, 2, 'update', '2025-08-13 21:58:44'),
(849, 6, 'update', '2025-08-13 21:58:44'),
(850, 8, 'update', '2025-08-13 21:58:44'),
(851, 10, 'update', '2025-08-13 21:58:44'),
(852, 13, 'update', '2025-08-13 21:58:44'),
(853, 14, 'update', '2025-08-13 21:58:44'),
(854, 15, 'update', '2025-08-13 21:58:44'),
(855, 17, 'update', '2025-08-13 21:58:44'),
(856, 19, 'update', '2025-08-13 21:58:44'),
(857, 22, 'insert', '2025-08-13 21:58:51'),
(858, 3, 'update', '2025-08-13 21:58:54'),
(859, 4, 'update', '2025-08-13 21:58:54'),
(860, 5, 'update', '2025-08-13 21:58:54'),
(861, 7, 'update', '2025-08-13 21:58:54'),
(862, 9, 'update', '2025-08-13 21:58:54'),
(863, 11, 'update', '2025-08-13 21:58:54'),
(864, 12, 'update', '2025-08-13 21:58:54'),
(865, 16, 'update', '2025-08-13 21:58:54'),
(866, 18, 'update', '2025-08-13 21:58:54'),
(867, 20, 'update', '2025-08-13 21:58:54'),
(868, 21, 'update', '2025-08-13 21:58:54'),
(869, 22, 'update', '2025-08-13 21:58:54'),
(870, 3, 'update', '2025-08-13 21:58:54'),
(871, 4, 'update', '2025-08-13 21:58:54'),
(872, 5, 'update', '2025-08-13 21:58:54'),
(873, 7, 'update', '2025-08-13 21:58:54'),
(874, 9, 'update', '2025-08-13 21:58:54'),
(875, 11, 'update', '2025-08-13 21:58:54'),
(876, 12, 'update', '2025-08-13 21:58:54'),
(877, 16, 'update', '2025-08-13 21:58:54'),
(878, 18, 'update', '2025-08-13 21:58:54'),
(879, 20, 'update', '2025-08-13 21:58:54'),
(880, 21, 'update', '2025-08-13 21:58:54'),
(881, 22, 'update', '2025-08-13 21:58:54'),
(882, 23, 'insert', '2025-08-13 21:59:06'),
(883, 1, 'update', '2025-08-13 21:59:06'),
(884, 2, 'update', '2025-08-13 21:59:06'),
(885, 6, 'update', '2025-08-13 21:59:06'),
(886, 8, 'update', '2025-08-13 21:59:06'),
(887, 10, 'update', '2025-08-13 21:59:06'),
(888, 13, 'update', '2025-08-13 21:59:06'),
(889, 14, 'update', '2025-08-13 21:59:06'),
(890, 15, 'update', '2025-08-13 21:59:06'),
(891, 17, 'update', '2025-08-13 21:59:06'),
(892, 19, 'update', '2025-08-13 21:59:06'),
(893, 23, 'update', '2025-08-13 21:59:06'),
(894, 1, 'update', '2025-08-13 21:59:08'),
(895, 2, 'update', '2025-08-13 21:59:08'),
(896, 6, 'update', '2025-08-13 21:59:08'),
(897, 8, 'update', '2025-08-13 21:59:08'),
(898, 10, 'update', '2025-08-13 21:59:08'),
(899, 13, 'update', '2025-08-13 21:59:08'),
(900, 14, 'update', '2025-08-13 21:59:08'),
(901, 15, 'update', '2025-08-13 21:59:08'),
(902, 17, 'update', '2025-08-13 21:59:08'),
(903, 19, 'update', '2025-08-13 21:59:08'),
(904, 23, 'update', '2025-08-13 21:59:08'),
(905, 3, 'update', '2025-08-13 21:59:12'),
(906, 4, 'update', '2025-08-13 21:59:12'),
(907, 5, 'update', '2025-08-13 21:59:12'),
(908, 7, 'update', '2025-08-13 21:59:12'),
(909, 9, 'update', '2025-08-13 21:59:12'),
(910, 11, 'update', '2025-08-13 21:59:12'),
(911, 12, 'update', '2025-08-13 21:59:12'),
(912, 16, 'update', '2025-08-13 21:59:12'),
(913, 18, 'update', '2025-08-13 21:59:12'),
(914, 20, 'update', '2025-08-13 21:59:12'),
(915, 21, 'update', '2025-08-13 21:59:12'),
(916, 22, 'update', '2025-08-13 21:59:12'),
(917, 1, 'update', '2025-08-13 21:59:16'),
(918, 2, 'update', '2025-08-13 21:59:16'),
(919, 6, 'update', '2025-08-13 21:59:16'),
(920, 8, 'update', '2025-08-13 21:59:16'),
(921, 10, 'update', '2025-08-13 21:59:16'),
(922, 13, 'update', '2025-08-13 21:59:16'),
(923, 14, 'update', '2025-08-13 21:59:16'),
(924, 15, 'update', '2025-08-13 21:59:16'),
(925, 17, 'update', '2025-08-13 21:59:16'),
(926, 19, 'update', '2025-08-13 21:59:16'),
(927, 23, 'update', '2025-08-13 21:59:16'),
(928, 24, 'insert', '2025-08-13 21:59:21'),
(929, 3, 'update', '2025-08-13 21:59:23'),
(930, 4, 'update', '2025-08-13 21:59:23'),
(931, 5, 'update', '2025-08-13 21:59:23'),
(932, 7, 'update', '2025-08-13 21:59:23'),
(933, 9, 'update', '2025-08-13 21:59:23'),
(934, 11, 'update', '2025-08-13 21:59:23'),
(935, 12, 'update', '2025-08-13 21:59:23'),
(936, 16, 'update', '2025-08-13 21:59:23'),
(937, 18, 'update', '2025-08-13 21:59:23'),
(938, 20, 'update', '2025-08-13 21:59:23'),
(939, 21, 'update', '2025-08-13 21:59:23'),
(940, 22, 'update', '2025-08-13 21:59:23'),
(941, 24, 'update', '2025-08-13 21:59:23'),
(942, 3, 'update', '2025-08-13 21:59:23'),
(943, 4, 'update', '2025-08-13 21:59:23'),
(944, 5, 'update', '2025-08-13 21:59:23'),
(945, 7, 'update', '2025-08-13 21:59:23'),
(946, 9, 'update', '2025-08-13 21:59:23'),
(947, 11, 'update', '2025-08-13 21:59:23'),
(948, 12, 'update', '2025-08-13 21:59:23'),
(949, 16, 'update', '2025-08-13 21:59:23'),
(950, 18, 'update', '2025-08-13 21:59:23'),
(951, 20, 'update', '2025-08-13 21:59:23'),
(952, 21, 'update', '2025-08-13 21:59:23'),
(953, 22, 'update', '2025-08-13 21:59:23'),
(954, 24, 'update', '2025-08-13 21:59:23'),
(955, 25, 'insert', '2025-08-13 21:59:30'),
(956, 1, 'update', '2025-08-13 21:59:31'),
(957, 2, 'update', '2025-08-13 21:59:31'),
(958, 6, 'update', '2025-08-13 21:59:31'),
(959, 8, 'update', '2025-08-13 21:59:31'),
(960, 10, 'update', '2025-08-13 21:59:31'),
(961, 13, 'update', '2025-08-13 21:59:31'),
(962, 14, 'update', '2025-08-13 21:59:31'),
(963, 15, 'update', '2025-08-13 21:59:31'),
(964, 17, 'update', '2025-08-13 21:59:31'),
(965, 19, 'update', '2025-08-13 21:59:31'),
(966, 23, 'update', '2025-08-13 21:59:31'),
(967, 25, 'update', '2025-08-13 21:59:31'),
(968, 1, 'update', '2025-08-13 21:59:31'),
(969, 2, 'update', '2025-08-13 21:59:31'),
(970, 6, 'update', '2025-08-13 21:59:31'),
(971, 8, 'update', '2025-08-13 21:59:31'),
(972, 10, 'update', '2025-08-13 21:59:31'),
(973, 13, 'update', '2025-08-13 21:59:31'),
(974, 14, 'update', '2025-08-13 21:59:31'),
(975, 15, 'update', '2025-08-13 21:59:31'),
(976, 17, 'update', '2025-08-13 21:59:31'),
(977, 19, 'update', '2025-08-13 21:59:31'),
(978, 23, 'update', '2025-08-13 21:59:31'),
(979, 25, 'update', '2025-08-13 21:59:31'),
(980, 26, 'insert', '2025-08-13 21:59:35'),
(981, 3, 'update', '2025-08-13 21:59:36'),
(982, 4, 'update', '2025-08-13 21:59:36'),
(983, 5, 'update', '2025-08-13 21:59:36'),
(984, 7, 'update', '2025-08-13 21:59:36'),
(985, 9, 'update', '2025-08-13 21:59:36'),
(986, 11, 'update', '2025-08-13 21:59:36'),
(987, 12, 'update', '2025-08-13 21:59:36'),
(988, 16, 'update', '2025-08-13 21:59:36'),
(989, 18, 'update', '2025-08-13 21:59:36'),
(990, 20, 'update', '2025-08-13 21:59:36'),
(991, 21, 'update', '2025-08-13 21:59:36'),
(992, 22, 'update', '2025-08-13 21:59:36'),
(993, 24, 'update', '2025-08-13 21:59:36'),
(994, 26, 'update', '2025-08-13 21:59:36'),
(995, 3, 'update', '2025-08-13 21:59:36'),
(996, 4, 'update', '2025-08-13 21:59:36'),
(997, 5, 'update', '2025-08-13 21:59:36'),
(998, 7, 'update', '2025-08-13 21:59:36'),
(999, 9, 'update', '2025-08-13 21:59:36'),
(1000, 11, 'update', '2025-08-13 21:59:36'),
(1001, 12, 'update', '2025-08-13 21:59:36'),
(1002, 16, 'update', '2025-08-13 21:59:36'),
(1003, 18, 'update', '2025-08-13 21:59:36'),
(1004, 20, 'update', '2025-08-13 21:59:36'),
(1005, 21, 'update', '2025-08-13 21:59:36'),
(1006, 22, 'update', '2025-08-13 21:59:36'),
(1007, 24, 'update', '2025-08-13 21:59:36'),
(1008, 26, 'update', '2025-08-13 21:59:36'),
(1009, 1, 'update', '2025-08-13 22:03:14'),
(1010, 2, 'update', '2025-08-13 22:03:14'),
(1011, 6, 'update', '2025-08-13 22:03:14'),
(1012, 8, 'update', '2025-08-13 22:03:14'),
(1013, 10, 'update', '2025-08-13 22:03:14'),
(1014, 13, 'update', '2025-08-13 22:03:14'),
(1015, 14, 'update', '2025-08-13 22:03:14'),
(1016, 15, 'update', '2025-08-13 22:03:14'),
(1017, 17, 'update', '2025-08-13 22:03:14'),
(1018, 19, 'update', '2025-08-13 22:03:14'),
(1019, 23, 'update', '2025-08-13 22:03:14'),
(1020, 25, 'update', '2025-08-13 22:03:14'),
(1021, 3, 'update', '2025-08-13 22:08:36'),
(1022, 4, 'update', '2025-08-13 22:08:36'),
(1023, 5, 'update', '2025-08-13 22:08:36'),
(1024, 7, 'update', '2025-08-13 22:08:36'),
(1025, 9, 'update', '2025-08-13 22:08:36'),
(1026, 11, 'update', '2025-08-13 22:08:36'),
(1027, 12, 'update', '2025-08-13 22:08:36'),
(1028, 16, 'update', '2025-08-13 22:08:36'),
(1029, 18, 'update', '2025-08-13 22:08:36'),
(1030, 20, 'update', '2025-08-13 22:08:36'),
(1031, 21, 'update', '2025-08-13 22:08:36'),
(1032, 22, 'update', '2025-08-13 22:08:36'),
(1033, 24, 'update', '2025-08-13 22:08:36'),
(1034, 26, 'update', '2025-08-13 22:08:36'),
(1035, 1, 'update', '2025-08-13 22:08:39'),
(1036, 2, 'update', '2025-08-13 22:08:39'),
(1037, 6, 'update', '2025-08-13 22:08:39'),
(1038, 8, 'update', '2025-08-13 22:08:39'),
(1039, 10, 'update', '2025-08-13 22:08:39'),
(1040, 13, 'update', '2025-08-13 22:08:39'),
(1041, 14, 'update', '2025-08-13 22:08:39'),
(1042, 15, 'update', '2025-08-13 22:08:39'),
(1043, 17, 'update', '2025-08-13 22:08:39'),
(1044, 19, 'update', '2025-08-13 22:08:39'),
(1045, 23, 'update', '2025-08-13 22:08:39'),
(1046, 25, 'update', '2025-08-13 22:08:39'),
(1047, 3, 'update', '2025-08-13 22:08:40'),
(1048, 4, 'update', '2025-08-13 22:08:40'),
(1049, 5, 'update', '2025-08-13 22:08:40'),
(1050, 7, 'update', '2025-08-13 22:08:40'),
(1051, 9, 'update', '2025-08-13 22:08:40'),
(1052, 11, 'update', '2025-08-13 22:08:40'),
(1053, 12, 'update', '2025-08-13 22:08:40'),
(1054, 16, 'update', '2025-08-13 22:08:40'),
(1055, 18, 'update', '2025-08-13 22:08:40'),
(1056, 20, 'update', '2025-08-13 22:08:40'),
(1057, 21, 'update', '2025-08-13 22:08:40'),
(1058, 22, 'update', '2025-08-13 22:08:40'),
(1059, 24, 'update', '2025-08-13 22:08:40'),
(1060, 26, 'update', '2025-08-13 22:08:40'),
(1061, 27, 'insert', '2025-08-13 22:08:42'),
(1062, 1, 'update', '2025-08-13 22:08:43'),
(1063, 2, 'update', '2025-08-13 22:08:43'),
(1064, 6, 'update', '2025-08-13 22:08:43'),
(1065, 8, 'update', '2025-08-13 22:08:43'),
(1066, 10, 'update', '2025-08-13 22:08:43'),
(1067, 13, 'update', '2025-08-13 22:08:43'),
(1068, 14, 'update', '2025-08-13 22:08:43'),
(1069, 15, 'update', '2025-08-13 22:08:43'),
(1070, 17, 'update', '2025-08-13 22:08:43'),
(1071, 19, 'update', '2025-08-13 22:08:43'),
(1072, 23, 'update', '2025-08-13 22:08:43'),
(1073, 25, 'update', '2025-08-13 22:08:43'),
(1074, 27, 'update', '2025-08-13 22:08:43'),
(1075, 1, 'update', '2025-08-13 22:08:43'),
(1076, 2, 'update', '2025-08-13 22:08:43'),
(1077, 6, 'update', '2025-08-13 22:08:43'),
(1078, 8, 'update', '2025-08-13 22:08:43'),
(1079, 10, 'update', '2025-08-13 22:08:43'),
(1080, 13, 'update', '2025-08-13 22:08:43'),
(1081, 14, 'update', '2025-08-13 22:08:43'),
(1082, 15, 'update', '2025-08-13 22:08:43'),
(1083, 17, 'update', '2025-08-13 22:08:43'),
(1084, 19, 'update', '2025-08-13 22:08:43'),
(1085, 23, 'update', '2025-08-13 22:08:43'),
(1086, 25, 'update', '2025-08-13 22:08:43'),
(1087, 27, 'update', '2025-08-13 22:08:43'),
(1088, 28, 'insert', '2025-08-13 22:08:48'),
(1089, 3, 'update', '2025-08-13 22:08:50'),
(1090, 4, 'update', '2025-08-13 22:08:50'),
(1091, 5, 'update', '2025-08-13 22:08:50'),
(1092, 7, 'update', '2025-08-13 22:08:50'),
(1093, 9, 'update', '2025-08-13 22:08:50'),
(1094, 11, 'update', '2025-08-13 22:08:50'),
(1095, 12, 'update', '2025-08-13 22:08:50'),
(1096, 16, 'update', '2025-08-13 22:08:50'),
(1097, 18, 'update', '2025-08-13 22:08:50'),
(1098, 20, 'update', '2025-08-13 22:08:50'),
(1099, 21, 'update', '2025-08-13 22:08:50'),
(1100, 22, 'update', '2025-08-13 22:08:50'),
(1101, 24, 'update', '2025-08-13 22:08:50'),
(1102, 26, 'update', '2025-08-13 22:08:50'),
(1103, 28, 'update', '2025-08-13 22:08:50'),
(1104, 3, 'update', '2025-08-13 22:08:51'),
(1105, 4, 'update', '2025-08-13 22:08:51'),
(1106, 5, 'update', '2025-08-13 22:08:51'),
(1107, 7, 'update', '2025-08-13 22:08:51'),
(1108, 9, 'update', '2025-08-13 22:08:51'),
(1109, 11, 'update', '2025-08-13 22:08:51'),
(1110, 12, 'update', '2025-08-13 22:08:51'),
(1111, 16, 'update', '2025-08-13 22:08:51'),
(1112, 18, 'update', '2025-08-13 22:08:51'),
(1113, 20, 'update', '2025-08-13 22:08:51'),
(1114, 21, 'update', '2025-08-13 22:08:51'),
(1115, 22, 'update', '2025-08-13 22:08:51'),
(1116, 24, 'update', '2025-08-13 22:08:51'),
(1117, 26, 'update', '2025-08-13 22:08:51'),
(1118, 28, 'update', '2025-08-13 22:08:51'),
(1119, 1, 'update', '2025-08-13 22:20:02'),
(1120, 2, 'update', '2025-08-13 22:20:02'),
(1121, 6, 'update', '2025-08-13 22:20:02'),
(1122, 8, 'update', '2025-08-13 22:20:02'),
(1123, 10, 'update', '2025-08-13 22:20:02'),
(1124, 13, 'update', '2025-08-13 22:20:02'),
(1125, 14, 'update', '2025-08-13 22:20:02'),
(1126, 15, 'update', '2025-08-13 22:20:02'),
(1127, 17, 'update', '2025-08-13 22:20:02'),
(1128, 19, 'update', '2025-08-13 22:20:02'),
(1129, 23, 'update', '2025-08-13 22:20:02'),
(1130, 25, 'update', '2025-08-13 22:20:02'),
(1131, 27, 'update', '2025-08-13 22:20:02'),
(1132, 1, 'update', '2025-08-13 22:20:08'),
(1133, 2, 'update', '2025-08-13 22:20:08'),
(1134, 6, 'update', '2025-08-13 22:20:08'),
(1135, 8, 'update', '2025-08-13 22:20:08'),
(1136, 10, 'update', '2025-08-13 22:20:08'),
(1137, 13, 'update', '2025-08-13 22:20:08'),
(1138, 14, 'update', '2025-08-13 22:20:08'),
(1139, 15, 'update', '2025-08-13 22:20:08'),
(1140, 17, 'update', '2025-08-13 22:20:08'),
(1141, 19, 'update', '2025-08-13 22:20:08'),
(1142, 23, 'update', '2025-08-13 22:20:08'),
(1143, 25, 'update', '2025-08-13 22:20:08'),
(1144, 27, 'update', '2025-08-13 22:20:08'),
(1145, 1, 'update', '2025-08-13 22:20:09'),
(1146, 2, 'update', '2025-08-13 22:20:09'),
(1147, 6, 'update', '2025-08-13 22:20:09'),
(1148, 8, 'update', '2025-08-13 22:20:09'),
(1149, 10, 'update', '2025-08-13 22:20:09'),
(1150, 13, 'update', '2025-08-13 22:20:09'),
(1151, 14, 'update', '2025-08-13 22:20:09'),
(1152, 15, 'update', '2025-08-13 22:20:09'),
(1153, 17, 'update', '2025-08-13 22:20:09'),
(1154, 19, 'update', '2025-08-13 22:20:09'),
(1155, 23, 'update', '2025-08-13 22:20:09'),
(1156, 25, 'update', '2025-08-13 22:20:09'),
(1157, 27, 'update', '2025-08-13 22:20:09'),
(1158, 1, 'update', '2025-08-13 22:20:09'),
(1159, 2, 'update', '2025-08-13 22:20:09'),
(1160, 6, 'update', '2025-08-13 22:20:09'),
(1161, 8, 'update', '2025-08-13 22:20:09'),
(1162, 10, 'update', '2025-08-13 22:20:09'),
(1163, 13, 'update', '2025-08-13 22:20:09'),
(1164, 14, 'update', '2025-08-13 22:20:09'),
(1165, 15, 'update', '2025-08-13 22:20:09'),
(1166, 17, 'update', '2025-08-13 22:20:09'),
(1167, 19, 'update', '2025-08-13 22:20:09'),
(1168, 23, 'update', '2025-08-13 22:20:09'),
(1169, 25, 'update', '2025-08-13 22:20:09'),
(1170, 27, 'update', '2025-08-13 22:20:09'),
(1171, 1, 'update', '2025-08-13 22:20:09'),
(1172, 2, 'update', '2025-08-13 22:20:09'),
(1173, 6, 'update', '2025-08-13 22:20:09'),
(1174, 8, 'update', '2025-08-13 22:20:09'),
(1175, 10, 'update', '2025-08-13 22:20:09'),
(1176, 13, 'update', '2025-08-13 22:20:09'),
(1177, 14, 'update', '2025-08-13 22:20:09'),
(1178, 15, 'update', '2025-08-13 22:20:09'),
(1179, 17, 'update', '2025-08-13 22:20:09'),
(1180, 19, 'update', '2025-08-13 22:20:09'),
(1181, 23, 'update', '2025-08-13 22:20:09'),
(1182, 25, 'update', '2025-08-13 22:20:09'),
(1183, 27, 'update', '2025-08-13 22:20:09'),
(1184, 1, 'update', '2025-08-13 22:20:09'),
(1185, 2, 'update', '2025-08-13 22:20:09'),
(1186, 6, 'update', '2025-08-13 22:20:09'),
(1187, 8, 'update', '2025-08-13 22:20:09'),
(1188, 10, 'update', '2025-08-13 22:20:09'),
(1189, 13, 'update', '2025-08-13 22:20:09'),
(1190, 14, 'update', '2025-08-13 22:20:09'),
(1191, 15, 'update', '2025-08-13 22:20:09'),
(1192, 17, 'update', '2025-08-13 22:20:09'),
(1193, 19, 'update', '2025-08-13 22:20:09'),
(1194, 23, 'update', '2025-08-13 22:20:09'),
(1195, 25, 'update', '2025-08-13 22:20:09'),
(1196, 27, 'update', '2025-08-13 22:20:09'),
(1197, 1, 'update', '2025-08-13 22:20:09'),
(1198, 2, 'update', '2025-08-13 22:20:09'),
(1199, 6, 'update', '2025-08-13 22:20:09'),
(1200, 8, 'update', '2025-08-13 22:20:09'),
(1201, 10, 'update', '2025-08-13 22:20:09'),
(1202, 13, 'update', '2025-08-13 22:20:09');
INSERT INTO `messages_log` (`log_id`, `message_id`, `action`, `action_at`) VALUES
(1203, 14, 'update', '2025-08-13 22:20:09'),
(1204, 15, 'update', '2025-08-13 22:20:09'),
(1205, 17, 'update', '2025-08-13 22:20:09'),
(1206, 19, 'update', '2025-08-13 22:20:09'),
(1207, 23, 'update', '2025-08-13 22:20:09'),
(1208, 25, 'update', '2025-08-13 22:20:09'),
(1209, 27, 'update', '2025-08-13 22:20:09'),
(1210, 1, 'update', '2025-08-13 22:20:09'),
(1211, 2, 'update', '2025-08-13 22:20:09'),
(1212, 6, 'update', '2025-08-13 22:20:09'),
(1213, 8, 'update', '2025-08-13 22:20:09'),
(1214, 10, 'update', '2025-08-13 22:20:09'),
(1215, 13, 'update', '2025-08-13 22:20:09'),
(1216, 14, 'update', '2025-08-13 22:20:09'),
(1217, 15, 'update', '2025-08-13 22:20:09'),
(1218, 17, 'update', '2025-08-13 22:20:09'),
(1219, 19, 'update', '2025-08-13 22:20:09'),
(1220, 23, 'update', '2025-08-13 22:20:09'),
(1221, 25, 'update', '2025-08-13 22:20:09'),
(1222, 27, 'update', '2025-08-13 22:20:09'),
(1223, 3, 'update', '2025-08-13 22:20:11'),
(1224, 4, 'update', '2025-08-13 22:20:11'),
(1225, 5, 'update', '2025-08-13 22:20:11'),
(1226, 7, 'update', '2025-08-13 22:20:11'),
(1227, 9, 'update', '2025-08-13 22:20:11'),
(1228, 11, 'update', '2025-08-13 22:20:11'),
(1229, 12, 'update', '2025-08-13 22:20:11'),
(1230, 16, 'update', '2025-08-13 22:20:11'),
(1231, 18, 'update', '2025-08-13 22:20:11'),
(1232, 20, 'update', '2025-08-13 22:20:11'),
(1233, 21, 'update', '2025-08-13 22:20:11'),
(1234, 22, 'update', '2025-08-13 22:20:11'),
(1235, 24, 'update', '2025-08-13 22:20:11'),
(1236, 26, 'update', '2025-08-13 22:20:11'),
(1237, 28, 'update', '2025-08-13 22:20:11'),
(1238, 1, 'update', '2025-08-13 22:20:16'),
(1239, 2, 'update', '2025-08-13 22:20:16'),
(1240, 6, 'update', '2025-08-13 22:20:16'),
(1241, 8, 'update', '2025-08-13 22:20:16'),
(1242, 10, 'update', '2025-08-13 22:20:16'),
(1243, 13, 'update', '2025-08-13 22:20:16'),
(1244, 14, 'update', '2025-08-13 22:20:16'),
(1245, 15, 'update', '2025-08-13 22:20:16'),
(1246, 17, 'update', '2025-08-13 22:20:16'),
(1247, 19, 'update', '2025-08-13 22:20:16'),
(1248, 23, 'update', '2025-08-13 22:20:16'),
(1249, 25, 'update', '2025-08-13 22:20:16'),
(1250, 27, 'update', '2025-08-13 22:20:16'),
(1251, 1, 'update', '2025-08-13 22:26:16'),
(1252, 2, 'update', '2025-08-13 22:26:16'),
(1253, 6, 'update', '2025-08-13 22:26:16'),
(1254, 8, 'update', '2025-08-13 22:26:16'),
(1255, 10, 'update', '2025-08-13 22:26:16'),
(1256, 13, 'update', '2025-08-13 22:26:16'),
(1257, 14, 'update', '2025-08-13 22:26:16'),
(1258, 15, 'update', '2025-08-13 22:26:16'),
(1259, 17, 'update', '2025-08-13 22:26:16'),
(1260, 19, 'update', '2025-08-13 22:26:16'),
(1261, 23, 'update', '2025-08-13 22:26:16'),
(1262, 25, 'update', '2025-08-13 22:26:16'),
(1263, 27, 'update', '2025-08-13 22:26:16'),
(1264, 1, 'update', '2025-08-13 22:26:18'),
(1265, 2, 'update', '2025-08-13 22:26:18'),
(1266, 6, 'update', '2025-08-13 22:26:18'),
(1267, 8, 'update', '2025-08-13 22:26:18'),
(1268, 10, 'update', '2025-08-13 22:26:18'),
(1269, 13, 'update', '2025-08-13 22:26:18'),
(1270, 14, 'update', '2025-08-13 22:26:18'),
(1271, 15, 'update', '2025-08-13 22:26:18'),
(1272, 17, 'update', '2025-08-13 22:26:18'),
(1273, 19, 'update', '2025-08-13 22:26:18'),
(1274, 23, 'update', '2025-08-13 22:26:18'),
(1275, 25, 'update', '2025-08-13 22:26:18'),
(1276, 27, 'update', '2025-08-13 22:26:18'),
(1277, 1, 'update', '2025-08-13 22:26:18'),
(1278, 2, 'update', '2025-08-13 22:26:18'),
(1279, 6, 'update', '2025-08-13 22:26:18'),
(1280, 8, 'update', '2025-08-13 22:26:18'),
(1281, 10, 'update', '2025-08-13 22:26:18'),
(1282, 13, 'update', '2025-08-13 22:26:18'),
(1283, 14, 'update', '2025-08-13 22:26:18'),
(1284, 15, 'update', '2025-08-13 22:26:18'),
(1285, 17, 'update', '2025-08-13 22:26:18'),
(1286, 19, 'update', '2025-08-13 22:26:18'),
(1287, 23, 'update', '2025-08-13 22:26:18'),
(1288, 25, 'update', '2025-08-13 22:26:18'),
(1289, 27, 'update', '2025-08-13 22:26:18'),
(1290, 1, 'update', '2025-08-13 22:26:18'),
(1291, 2, 'update', '2025-08-13 22:26:18'),
(1292, 6, 'update', '2025-08-13 22:26:18'),
(1293, 8, 'update', '2025-08-13 22:26:18'),
(1294, 10, 'update', '2025-08-13 22:26:18'),
(1295, 13, 'update', '2025-08-13 22:26:18'),
(1296, 14, 'update', '2025-08-13 22:26:18'),
(1297, 15, 'update', '2025-08-13 22:26:18'),
(1298, 17, 'update', '2025-08-13 22:26:18'),
(1299, 19, 'update', '2025-08-13 22:26:18'),
(1300, 23, 'update', '2025-08-13 22:26:18'),
(1301, 25, 'update', '2025-08-13 22:26:18'),
(1302, 27, 'update', '2025-08-13 22:26:18'),
(1303, 1, 'update', '2025-08-13 22:26:18'),
(1304, 2, 'update', '2025-08-13 22:26:18'),
(1305, 6, 'update', '2025-08-13 22:26:18'),
(1306, 8, 'update', '2025-08-13 22:26:18'),
(1307, 10, 'update', '2025-08-13 22:26:18'),
(1308, 13, 'update', '2025-08-13 22:26:18'),
(1309, 14, 'update', '2025-08-13 22:26:18'),
(1310, 15, 'update', '2025-08-13 22:26:18'),
(1311, 17, 'update', '2025-08-13 22:26:18'),
(1312, 19, 'update', '2025-08-13 22:26:18'),
(1313, 23, 'update', '2025-08-13 22:26:18'),
(1314, 25, 'update', '2025-08-13 22:26:18'),
(1315, 27, 'update', '2025-08-13 22:26:18'),
(1316, 1, 'update', '2025-08-13 22:26:18'),
(1317, 2, 'update', '2025-08-13 22:26:18'),
(1318, 6, 'update', '2025-08-13 22:26:18'),
(1319, 8, 'update', '2025-08-13 22:26:18'),
(1320, 10, 'update', '2025-08-13 22:26:18'),
(1321, 13, 'update', '2025-08-13 22:26:18'),
(1322, 14, 'update', '2025-08-13 22:26:18'),
(1323, 15, 'update', '2025-08-13 22:26:18'),
(1324, 17, 'update', '2025-08-13 22:26:18'),
(1325, 19, 'update', '2025-08-13 22:26:18'),
(1326, 23, 'update', '2025-08-13 22:26:18'),
(1327, 25, 'update', '2025-08-13 22:26:18'),
(1328, 27, 'update', '2025-08-13 22:26:18'),
(1329, 1, 'update', '2025-08-13 22:26:18'),
(1330, 2, 'update', '2025-08-13 22:26:18'),
(1331, 6, 'update', '2025-08-13 22:26:18'),
(1332, 8, 'update', '2025-08-13 22:26:18'),
(1333, 10, 'update', '2025-08-13 22:26:18'),
(1334, 13, 'update', '2025-08-13 22:26:18'),
(1335, 14, 'update', '2025-08-13 22:26:18'),
(1336, 15, 'update', '2025-08-13 22:26:18'),
(1337, 17, 'update', '2025-08-13 22:26:18'),
(1338, 19, 'update', '2025-08-13 22:26:18'),
(1339, 23, 'update', '2025-08-13 22:26:18'),
(1340, 25, 'update', '2025-08-13 22:26:18'),
(1341, 27, 'update', '2025-08-13 22:26:18'),
(1342, 29, 'insert', '2025-08-13 22:26:22'),
(1343, 3, 'update', '2025-08-13 22:26:38'),
(1344, 4, 'update', '2025-08-13 22:26:38'),
(1345, 5, 'update', '2025-08-13 22:26:38'),
(1346, 7, 'update', '2025-08-13 22:26:38'),
(1347, 9, 'update', '2025-08-13 22:26:38'),
(1348, 11, 'update', '2025-08-13 22:26:38'),
(1349, 12, 'update', '2025-08-13 22:26:38'),
(1350, 16, 'update', '2025-08-13 22:26:38'),
(1351, 18, 'update', '2025-08-13 22:26:38'),
(1352, 20, 'update', '2025-08-13 22:26:38'),
(1353, 21, 'update', '2025-08-13 22:26:38'),
(1354, 22, 'update', '2025-08-13 22:26:38'),
(1355, 24, 'update', '2025-08-13 22:26:38'),
(1356, 26, 'update', '2025-08-13 22:26:38'),
(1357, 28, 'update', '2025-08-13 22:26:38'),
(1358, 29, 'update', '2025-08-13 22:26:38'),
(1359, 3, 'update', '2025-08-13 22:26:39'),
(1360, 4, 'update', '2025-08-13 22:26:39'),
(1361, 5, 'update', '2025-08-13 22:26:39'),
(1362, 7, 'update', '2025-08-13 22:26:39'),
(1363, 9, 'update', '2025-08-13 22:26:39'),
(1364, 11, 'update', '2025-08-13 22:26:39'),
(1365, 12, 'update', '2025-08-13 22:26:39'),
(1366, 16, 'update', '2025-08-13 22:26:39'),
(1367, 18, 'update', '2025-08-13 22:26:39'),
(1368, 20, 'update', '2025-08-13 22:26:39'),
(1369, 21, 'update', '2025-08-13 22:26:39'),
(1370, 22, 'update', '2025-08-13 22:26:39'),
(1371, 24, 'update', '2025-08-13 22:26:39'),
(1372, 26, 'update', '2025-08-13 22:26:39'),
(1373, 28, 'update', '2025-08-13 22:26:39'),
(1374, 29, 'update', '2025-08-13 22:26:39'),
(1375, 3, 'update', '2025-08-13 22:26:39'),
(1376, 4, 'update', '2025-08-13 22:26:39'),
(1377, 5, 'update', '2025-08-13 22:26:39'),
(1378, 7, 'update', '2025-08-13 22:26:39'),
(1379, 9, 'update', '2025-08-13 22:26:39'),
(1380, 11, 'update', '2025-08-13 22:26:39'),
(1381, 12, 'update', '2025-08-13 22:26:39'),
(1382, 16, 'update', '2025-08-13 22:26:39'),
(1383, 18, 'update', '2025-08-13 22:26:39'),
(1384, 20, 'update', '2025-08-13 22:26:39'),
(1385, 21, 'update', '2025-08-13 22:26:39'),
(1386, 22, 'update', '2025-08-13 22:26:39'),
(1387, 24, 'update', '2025-08-13 22:26:39'),
(1388, 26, 'update', '2025-08-13 22:26:39'),
(1389, 28, 'update', '2025-08-13 22:26:39'),
(1390, 29, 'update', '2025-08-13 22:26:39'),
(1391, 3, 'update', '2025-08-13 22:26:39'),
(1392, 4, 'update', '2025-08-13 22:26:39'),
(1393, 5, 'update', '2025-08-13 22:26:39'),
(1394, 7, 'update', '2025-08-13 22:26:39'),
(1395, 9, 'update', '2025-08-13 22:26:39'),
(1396, 11, 'update', '2025-08-13 22:26:39'),
(1397, 12, 'update', '2025-08-13 22:26:39'),
(1398, 16, 'update', '2025-08-13 22:26:39'),
(1399, 18, 'update', '2025-08-13 22:26:39'),
(1400, 20, 'update', '2025-08-13 22:26:39'),
(1401, 21, 'update', '2025-08-13 22:26:39'),
(1402, 22, 'update', '2025-08-13 22:26:39'),
(1403, 24, 'update', '2025-08-13 22:26:39'),
(1404, 26, 'update', '2025-08-13 22:26:39'),
(1405, 28, 'update', '2025-08-13 22:26:39'),
(1406, 29, 'update', '2025-08-13 22:26:39'),
(1407, 3, 'update', '2025-08-13 22:26:39'),
(1408, 4, 'update', '2025-08-13 22:26:39'),
(1409, 5, 'update', '2025-08-13 22:26:39'),
(1410, 7, 'update', '2025-08-13 22:26:39'),
(1411, 9, 'update', '2025-08-13 22:26:39'),
(1412, 11, 'update', '2025-08-13 22:26:39'),
(1413, 12, 'update', '2025-08-13 22:26:39'),
(1414, 16, 'update', '2025-08-13 22:26:39'),
(1415, 18, 'update', '2025-08-13 22:26:39'),
(1416, 20, 'update', '2025-08-13 22:26:39'),
(1417, 21, 'update', '2025-08-13 22:26:39'),
(1418, 22, 'update', '2025-08-13 22:26:39'),
(1419, 24, 'update', '2025-08-13 22:26:39'),
(1420, 26, 'update', '2025-08-13 22:26:39'),
(1421, 28, 'update', '2025-08-13 22:26:39'),
(1422, 29, 'update', '2025-08-13 22:26:39'),
(1423, 3, 'update', '2025-08-13 22:26:39'),
(1424, 4, 'update', '2025-08-13 22:26:39'),
(1425, 5, 'update', '2025-08-13 22:26:39'),
(1426, 7, 'update', '2025-08-13 22:26:39'),
(1427, 9, 'update', '2025-08-13 22:26:39'),
(1428, 11, 'update', '2025-08-13 22:26:39'),
(1429, 12, 'update', '2025-08-13 22:26:39'),
(1430, 16, 'update', '2025-08-13 22:26:39'),
(1431, 18, 'update', '2025-08-13 22:26:39'),
(1432, 20, 'update', '2025-08-13 22:26:39'),
(1433, 21, 'update', '2025-08-13 22:26:39'),
(1434, 22, 'update', '2025-08-13 22:26:39'),
(1435, 24, 'update', '2025-08-13 22:26:39'),
(1436, 26, 'update', '2025-08-13 22:26:39'),
(1437, 28, 'update', '2025-08-13 22:26:39'),
(1438, 29, 'update', '2025-08-13 22:26:39'),
(1439, 3, 'update', '2025-08-13 22:26:39'),
(1440, 4, 'update', '2025-08-13 22:26:39'),
(1441, 5, 'update', '2025-08-13 22:26:39'),
(1442, 7, 'update', '2025-08-13 22:26:39'),
(1443, 9, 'update', '2025-08-13 22:26:39'),
(1444, 11, 'update', '2025-08-13 22:26:39'),
(1445, 12, 'update', '2025-08-13 22:26:39'),
(1446, 16, 'update', '2025-08-13 22:26:39'),
(1447, 18, 'update', '2025-08-13 22:26:39'),
(1448, 20, 'update', '2025-08-13 22:26:39'),
(1449, 21, 'update', '2025-08-13 22:26:39'),
(1450, 22, 'update', '2025-08-13 22:26:39'),
(1451, 24, 'update', '2025-08-13 22:26:39'),
(1452, 26, 'update', '2025-08-13 22:26:39'),
(1453, 28, 'update', '2025-08-13 22:26:39'),
(1454, 29, 'update', '2025-08-13 22:26:39'),
(1455, 3, 'update', '2025-08-13 22:26:39'),
(1456, 4, 'update', '2025-08-13 22:26:39'),
(1457, 5, 'update', '2025-08-13 22:26:39'),
(1458, 7, 'update', '2025-08-13 22:26:39'),
(1459, 9, 'update', '2025-08-13 22:26:39'),
(1460, 11, 'update', '2025-08-13 22:26:39'),
(1461, 12, 'update', '2025-08-13 22:26:39'),
(1462, 16, 'update', '2025-08-13 22:26:39'),
(1463, 18, 'update', '2025-08-13 22:26:39'),
(1464, 20, 'update', '2025-08-13 22:26:39'),
(1465, 21, 'update', '2025-08-13 22:26:39'),
(1466, 22, 'update', '2025-08-13 22:26:39'),
(1467, 24, 'update', '2025-08-13 22:26:39'),
(1468, 26, 'update', '2025-08-13 22:26:39'),
(1469, 28, 'update', '2025-08-13 22:26:39'),
(1470, 29, 'update', '2025-08-13 22:26:39'),
(1471, 3, 'update', '2025-08-13 22:26:39'),
(1472, 4, 'update', '2025-08-13 22:26:39'),
(1473, 5, 'update', '2025-08-13 22:26:39'),
(1474, 7, 'update', '2025-08-13 22:26:39'),
(1475, 9, 'update', '2025-08-13 22:26:39'),
(1476, 11, 'update', '2025-08-13 22:26:39'),
(1477, 12, 'update', '2025-08-13 22:26:39'),
(1478, 16, 'update', '2025-08-13 22:26:39'),
(1479, 18, 'update', '2025-08-13 22:26:39'),
(1480, 20, 'update', '2025-08-13 22:26:39'),
(1481, 21, 'update', '2025-08-13 22:26:39'),
(1482, 22, 'update', '2025-08-13 22:26:39'),
(1483, 24, 'update', '2025-08-13 22:26:39'),
(1484, 26, 'update', '2025-08-13 22:26:39'),
(1485, 28, 'update', '2025-08-13 22:26:39'),
(1486, 29, 'update', '2025-08-13 22:26:39'),
(1487, 3, 'update', '2025-08-13 22:26:39'),
(1488, 4, 'update', '2025-08-13 22:26:39'),
(1489, 5, 'update', '2025-08-13 22:26:39'),
(1490, 7, 'update', '2025-08-13 22:26:39'),
(1491, 9, 'update', '2025-08-13 22:26:39'),
(1492, 11, 'update', '2025-08-13 22:26:39'),
(1493, 12, 'update', '2025-08-13 22:26:39'),
(1494, 16, 'update', '2025-08-13 22:26:39'),
(1495, 18, 'update', '2025-08-13 22:26:39'),
(1496, 20, 'update', '2025-08-13 22:26:39'),
(1497, 21, 'update', '2025-08-13 22:26:39'),
(1498, 22, 'update', '2025-08-13 22:26:39'),
(1499, 24, 'update', '2025-08-13 22:26:39'),
(1500, 26, 'update', '2025-08-13 22:26:39'),
(1501, 28, 'update', '2025-08-13 22:26:39'),
(1502, 29, 'update', '2025-08-13 22:26:39'),
(1503, 30, 'insert', '2025-08-13 22:26:48'),
(1504, 1, 'update', '2025-08-13 22:26:49'),
(1505, 2, 'update', '2025-08-13 22:26:49'),
(1506, 6, 'update', '2025-08-13 22:26:49'),
(1507, 8, 'update', '2025-08-13 22:26:49'),
(1508, 10, 'update', '2025-08-13 22:26:49'),
(1509, 13, 'update', '2025-08-13 22:26:49'),
(1510, 14, 'update', '2025-08-13 22:26:49'),
(1511, 15, 'update', '2025-08-13 22:26:49'),
(1512, 17, 'update', '2025-08-13 22:26:49'),
(1513, 19, 'update', '2025-08-13 22:26:49'),
(1514, 23, 'update', '2025-08-13 22:26:49'),
(1515, 25, 'update', '2025-08-13 22:26:49'),
(1516, 27, 'update', '2025-08-13 22:26:49'),
(1517, 30, 'update', '2025-08-13 22:26:49'),
(1518, 3, 'update', '2025-08-13 22:26:50'),
(1519, 4, 'update', '2025-08-13 22:26:50'),
(1520, 5, 'update', '2025-08-13 22:26:50'),
(1521, 7, 'update', '2025-08-13 22:26:50'),
(1522, 9, 'update', '2025-08-13 22:26:50'),
(1523, 11, 'update', '2025-08-13 22:26:50'),
(1524, 12, 'update', '2025-08-13 22:26:50'),
(1525, 16, 'update', '2025-08-13 22:26:50'),
(1526, 18, 'update', '2025-08-13 22:26:50'),
(1527, 20, 'update', '2025-08-13 22:26:50'),
(1528, 21, 'update', '2025-08-13 22:26:50'),
(1529, 22, 'update', '2025-08-13 22:26:50'),
(1530, 24, 'update', '2025-08-13 22:26:50'),
(1531, 26, 'update', '2025-08-13 22:26:50'),
(1532, 28, 'update', '2025-08-13 22:26:50'),
(1533, 29, 'update', '2025-08-13 22:26:50'),
(1534, 3, 'update', '2025-08-13 22:26:52'),
(1535, 4, 'update', '2025-08-13 22:26:52'),
(1536, 5, 'update', '2025-08-13 22:26:52'),
(1537, 7, 'update', '2025-08-13 22:26:52'),
(1538, 9, 'update', '2025-08-13 22:26:52'),
(1539, 11, 'update', '2025-08-13 22:26:52'),
(1540, 12, 'update', '2025-08-13 22:26:52'),
(1541, 16, 'update', '2025-08-13 22:26:52'),
(1542, 18, 'update', '2025-08-13 22:26:52'),
(1543, 20, 'update', '2025-08-13 22:26:52'),
(1544, 21, 'update', '2025-08-13 22:26:52'),
(1545, 22, 'update', '2025-08-13 22:26:52'),
(1546, 24, 'update', '2025-08-13 22:26:52'),
(1547, 26, 'update', '2025-08-13 22:26:52'),
(1548, 28, 'update', '2025-08-13 22:26:52'),
(1549, 29, 'update', '2025-08-13 22:26:52'),
(1550, 1, 'update', '2025-08-13 22:26:53'),
(1551, 2, 'update', '2025-08-13 22:26:53'),
(1552, 6, 'update', '2025-08-13 22:26:53'),
(1553, 8, 'update', '2025-08-13 22:26:53'),
(1554, 10, 'update', '2025-08-13 22:26:53'),
(1555, 13, 'update', '2025-08-13 22:26:53'),
(1556, 14, 'update', '2025-08-13 22:26:53'),
(1557, 15, 'update', '2025-08-13 22:26:53'),
(1558, 17, 'update', '2025-08-13 22:26:53'),
(1559, 19, 'update', '2025-08-13 22:26:53'),
(1560, 23, 'update', '2025-08-13 22:26:53'),
(1561, 25, 'update', '2025-08-13 22:26:53'),
(1562, 27, 'update', '2025-08-13 22:26:53'),
(1563, 30, 'update', '2025-08-13 22:26:53'),
(1564, 3, 'update', '2025-08-13 22:26:54'),
(1565, 4, 'update', '2025-08-13 22:26:54'),
(1566, 5, 'update', '2025-08-13 22:26:54'),
(1567, 7, 'update', '2025-08-13 22:26:54'),
(1568, 9, 'update', '2025-08-13 22:26:54'),
(1569, 11, 'update', '2025-08-13 22:26:54'),
(1570, 12, 'update', '2025-08-13 22:26:54'),
(1571, 16, 'update', '2025-08-13 22:26:54'),
(1572, 18, 'update', '2025-08-13 22:26:54'),
(1573, 20, 'update', '2025-08-13 22:26:54'),
(1574, 21, 'update', '2025-08-13 22:26:54'),
(1575, 22, 'update', '2025-08-13 22:26:54'),
(1576, 24, 'update', '2025-08-13 22:26:54'),
(1577, 26, 'update', '2025-08-13 22:26:54'),
(1578, 28, 'update', '2025-08-13 22:26:54'),
(1579, 29, 'update', '2025-08-13 22:26:54'),
(1580, 1, 'update', '2025-08-13 22:26:55'),
(1581, 2, 'update', '2025-08-13 22:26:55'),
(1582, 6, 'update', '2025-08-13 22:26:55'),
(1583, 8, 'update', '2025-08-13 22:26:55'),
(1584, 10, 'update', '2025-08-13 22:26:55'),
(1585, 13, 'update', '2025-08-13 22:26:55'),
(1586, 14, 'update', '2025-08-13 22:26:55'),
(1587, 15, 'update', '2025-08-13 22:26:55'),
(1588, 17, 'update', '2025-08-13 22:26:55'),
(1589, 19, 'update', '2025-08-13 22:26:55'),
(1590, 23, 'update', '2025-08-13 22:26:55'),
(1591, 25, 'update', '2025-08-13 22:26:55'),
(1592, 27, 'update', '2025-08-13 22:26:55'),
(1593, 30, 'update', '2025-08-13 22:26:55'),
(1594, 31, 'insert', '2025-08-13 22:26:56'),
(1595, 3, 'update', '2025-08-13 22:26:57'),
(1596, 4, 'update', '2025-08-13 22:26:57'),
(1597, 5, 'update', '2025-08-13 22:26:57'),
(1598, 7, 'update', '2025-08-13 22:26:57'),
(1599, 9, 'update', '2025-08-13 22:26:57'),
(1600, 11, 'update', '2025-08-13 22:26:57'),
(1601, 12, 'update', '2025-08-13 22:26:57'),
(1602, 16, 'update', '2025-08-13 22:26:57'),
(1603, 18, 'update', '2025-08-13 22:26:57'),
(1604, 20, 'update', '2025-08-13 22:26:57'),
(1605, 21, 'update', '2025-08-13 22:26:57'),
(1606, 22, 'update', '2025-08-13 22:26:57'),
(1607, 24, 'update', '2025-08-13 22:26:57'),
(1608, 26, 'update', '2025-08-13 22:26:57'),
(1609, 28, 'update', '2025-08-13 22:26:57'),
(1610, 29, 'update', '2025-08-13 22:26:57'),
(1611, 31, 'update', '2025-08-13 22:26:57'),
(1612, 3, 'update', '2025-08-13 22:26:57'),
(1613, 4, 'update', '2025-08-13 22:26:57'),
(1614, 5, 'update', '2025-08-13 22:26:57'),
(1615, 7, 'update', '2025-08-13 22:26:57'),
(1616, 9, 'update', '2025-08-13 22:26:57'),
(1617, 11, 'update', '2025-08-13 22:26:57'),
(1618, 12, 'update', '2025-08-13 22:26:57'),
(1619, 16, 'update', '2025-08-13 22:26:57'),
(1620, 18, 'update', '2025-08-13 22:26:57'),
(1621, 20, 'update', '2025-08-13 22:26:57'),
(1622, 21, 'update', '2025-08-13 22:26:57'),
(1623, 22, 'update', '2025-08-13 22:26:57'),
(1624, 24, 'update', '2025-08-13 22:26:57'),
(1625, 26, 'update', '2025-08-13 22:26:57'),
(1626, 28, 'update', '2025-08-13 22:26:57'),
(1627, 29, 'update', '2025-08-13 22:26:57'),
(1628, 31, 'update', '2025-08-13 22:26:57'),
(1629, 32, 'insert', '2025-08-13 22:26:58'),
(1630, 1, 'update', '2025-08-13 22:26:59'),
(1631, 2, 'update', '2025-08-13 22:26:59'),
(1632, 6, 'update', '2025-08-13 22:26:59'),
(1633, 8, 'update', '2025-08-13 22:26:59'),
(1634, 10, 'update', '2025-08-13 22:26:59'),
(1635, 13, 'update', '2025-08-13 22:26:59'),
(1636, 14, 'update', '2025-08-13 22:26:59'),
(1637, 15, 'update', '2025-08-13 22:26:59'),
(1638, 17, 'update', '2025-08-13 22:26:59'),
(1639, 19, 'update', '2025-08-13 22:26:59'),
(1640, 23, 'update', '2025-08-13 22:26:59'),
(1641, 25, 'update', '2025-08-13 22:26:59'),
(1642, 27, 'update', '2025-08-13 22:26:59'),
(1643, 30, 'update', '2025-08-13 22:26:59'),
(1644, 32, 'update', '2025-08-13 22:26:59'),
(1645, 1, 'update', '2025-08-13 22:27:00'),
(1646, 2, 'update', '2025-08-13 22:27:00'),
(1647, 6, 'update', '2025-08-13 22:27:00'),
(1648, 8, 'update', '2025-08-13 22:27:00'),
(1649, 10, 'update', '2025-08-13 22:27:00'),
(1650, 13, 'update', '2025-08-13 22:27:00'),
(1651, 14, 'update', '2025-08-13 22:27:00'),
(1652, 15, 'update', '2025-08-13 22:27:00'),
(1653, 17, 'update', '2025-08-13 22:27:00'),
(1654, 19, 'update', '2025-08-13 22:27:00'),
(1655, 23, 'update', '2025-08-13 22:27:00'),
(1656, 25, 'update', '2025-08-13 22:27:00'),
(1657, 27, 'update', '2025-08-13 22:27:00'),
(1658, 30, 'update', '2025-08-13 22:27:00'),
(1659, 32, 'update', '2025-08-13 22:27:00'),
(1660, 33, 'insert', '2025-08-13 22:27:01'),
(1661, 3, 'update', '2025-08-13 22:27:02'),
(1662, 4, 'update', '2025-08-13 22:27:02'),
(1663, 5, 'update', '2025-08-13 22:27:02'),
(1664, 7, 'update', '2025-08-13 22:27:02'),
(1665, 9, 'update', '2025-08-13 22:27:02'),
(1666, 11, 'update', '2025-08-13 22:27:02'),
(1667, 12, 'update', '2025-08-13 22:27:02'),
(1668, 16, 'update', '2025-08-13 22:27:02'),
(1669, 18, 'update', '2025-08-13 22:27:02'),
(1670, 20, 'update', '2025-08-13 22:27:02'),
(1671, 21, 'update', '2025-08-13 22:27:02'),
(1672, 22, 'update', '2025-08-13 22:27:02'),
(1673, 24, 'update', '2025-08-13 22:27:02'),
(1674, 26, 'update', '2025-08-13 22:27:02'),
(1675, 28, 'update', '2025-08-13 22:27:02'),
(1676, 29, 'update', '2025-08-13 22:27:02'),
(1677, 31, 'update', '2025-08-13 22:27:02'),
(1678, 33, 'update', '2025-08-13 22:27:02'),
(1679, 3, 'update', '2025-08-13 22:27:03'),
(1680, 4, 'update', '2025-08-13 22:27:03'),
(1681, 5, 'update', '2025-08-13 22:27:03'),
(1682, 7, 'update', '2025-08-13 22:27:03'),
(1683, 9, 'update', '2025-08-13 22:27:03'),
(1684, 11, 'update', '2025-08-13 22:27:03'),
(1685, 12, 'update', '2025-08-13 22:27:03'),
(1686, 16, 'update', '2025-08-13 22:27:03'),
(1687, 18, 'update', '2025-08-13 22:27:03'),
(1688, 20, 'update', '2025-08-13 22:27:03'),
(1689, 21, 'update', '2025-08-13 22:27:03'),
(1690, 22, 'update', '2025-08-13 22:27:03'),
(1691, 24, 'update', '2025-08-13 22:27:03'),
(1692, 26, 'update', '2025-08-13 22:27:03'),
(1693, 28, 'update', '2025-08-13 22:27:03'),
(1694, 29, 'update', '2025-08-13 22:27:03'),
(1695, 31, 'update', '2025-08-13 22:27:03'),
(1696, 33, 'update', '2025-08-13 22:27:03'),
(1697, 34, 'insert', '2025-08-13 22:27:04'),
(1698, 1, 'update', '2025-08-13 22:27:05'),
(1699, 2, 'update', '2025-08-13 22:27:05'),
(1700, 6, 'update', '2025-08-13 22:27:05'),
(1701, 8, 'update', '2025-08-13 22:27:05'),
(1702, 10, 'update', '2025-08-13 22:27:05'),
(1703, 13, 'update', '2025-08-13 22:27:05'),
(1704, 14, 'update', '2025-08-13 22:27:05'),
(1705, 15, 'update', '2025-08-13 22:27:05'),
(1706, 17, 'update', '2025-08-13 22:27:05'),
(1707, 19, 'update', '2025-08-13 22:27:05'),
(1708, 23, 'update', '2025-08-13 22:27:05'),
(1709, 25, 'update', '2025-08-13 22:27:05'),
(1710, 27, 'update', '2025-08-13 22:27:05'),
(1711, 30, 'update', '2025-08-13 22:27:05'),
(1712, 32, 'update', '2025-08-13 22:27:05'),
(1713, 34, 'update', '2025-08-13 22:27:05'),
(1714, 1, 'update', '2025-08-13 22:27:06'),
(1715, 2, 'update', '2025-08-13 22:27:06'),
(1716, 6, 'update', '2025-08-13 22:27:06'),
(1717, 8, 'update', '2025-08-13 22:27:06'),
(1718, 10, 'update', '2025-08-13 22:27:06'),
(1719, 13, 'update', '2025-08-13 22:27:06'),
(1720, 14, 'update', '2025-08-13 22:27:06'),
(1721, 15, 'update', '2025-08-13 22:27:06'),
(1722, 17, 'update', '2025-08-13 22:27:06'),
(1723, 19, 'update', '2025-08-13 22:27:06'),
(1724, 23, 'update', '2025-08-13 22:27:06'),
(1725, 25, 'update', '2025-08-13 22:27:06'),
(1726, 27, 'update', '2025-08-13 22:27:06'),
(1727, 30, 'update', '2025-08-13 22:27:06'),
(1728, 32, 'update', '2025-08-13 22:27:06'),
(1729, 34, 'update', '2025-08-13 22:27:06'),
(1730, 3, 'update', '2025-08-13 22:27:07'),
(1731, 4, 'update', '2025-08-13 22:27:07'),
(1732, 5, 'update', '2025-08-13 22:27:07'),
(1733, 7, 'update', '2025-08-13 22:27:07'),
(1734, 9, 'update', '2025-08-13 22:27:07'),
(1735, 11, 'update', '2025-08-13 22:27:07'),
(1736, 12, 'update', '2025-08-13 22:27:07'),
(1737, 16, 'update', '2025-08-13 22:27:07'),
(1738, 18, 'update', '2025-08-13 22:27:07'),
(1739, 20, 'update', '2025-08-13 22:27:07'),
(1740, 21, 'update', '2025-08-13 22:27:07'),
(1741, 22, 'update', '2025-08-13 22:27:07'),
(1742, 24, 'update', '2025-08-13 22:27:07'),
(1743, 26, 'update', '2025-08-13 22:27:07'),
(1744, 28, 'update', '2025-08-13 22:27:07'),
(1745, 29, 'update', '2025-08-13 22:27:07'),
(1746, 31, 'update', '2025-08-13 22:27:07'),
(1747, 33, 'update', '2025-08-13 22:27:07'),
(1748, 35, 'insert', '2025-08-13 22:27:09'),
(1749, 1, 'update', '2025-08-13 22:27:09'),
(1750, 2, 'update', '2025-08-13 22:27:09'),
(1751, 6, 'update', '2025-08-13 22:27:09'),
(1752, 8, 'update', '2025-08-13 22:27:09'),
(1753, 10, 'update', '2025-08-13 22:27:09'),
(1754, 13, 'update', '2025-08-13 22:27:09'),
(1755, 14, 'update', '2025-08-13 22:27:09'),
(1756, 15, 'update', '2025-08-13 22:27:09'),
(1757, 17, 'update', '2025-08-13 22:27:09'),
(1758, 19, 'update', '2025-08-13 22:27:09'),
(1759, 23, 'update', '2025-08-13 22:27:09'),
(1760, 25, 'update', '2025-08-13 22:27:09'),
(1761, 27, 'update', '2025-08-13 22:27:09'),
(1762, 30, 'update', '2025-08-13 22:27:09'),
(1763, 32, 'update', '2025-08-13 22:27:09'),
(1764, 34, 'update', '2025-08-13 22:27:09'),
(1765, 35, 'update', '2025-08-13 22:27:09'),
(1766, 1, 'update', '2025-08-13 22:27:10'),
(1767, 2, 'update', '2025-08-13 22:27:10'),
(1768, 6, 'update', '2025-08-13 22:27:10'),
(1769, 8, 'update', '2025-08-13 22:27:10'),
(1770, 10, 'update', '2025-08-13 22:27:10'),
(1771, 13, 'update', '2025-08-13 22:27:10'),
(1772, 14, 'update', '2025-08-13 22:27:10'),
(1773, 15, 'update', '2025-08-13 22:27:10'),
(1774, 17, 'update', '2025-08-13 22:27:10'),
(1775, 19, 'update', '2025-08-13 22:27:10'),
(1776, 23, 'update', '2025-08-13 22:27:10'),
(1777, 25, 'update', '2025-08-13 22:27:10'),
(1778, 27, 'update', '2025-08-13 22:27:10'),
(1779, 30, 'update', '2025-08-13 22:27:10'),
(1780, 32, 'update', '2025-08-13 22:27:10'),
(1781, 34, 'update', '2025-08-13 22:27:10'),
(1782, 35, 'update', '2025-08-13 22:27:10'),
(1783, 36, 'insert', '2025-08-13 22:27:14'),
(1784, 3, 'update', '2025-08-13 22:27:15'),
(1785, 4, 'update', '2025-08-13 22:27:15'),
(1786, 5, 'update', '2025-08-13 22:27:15'),
(1787, 7, 'update', '2025-08-13 22:27:15'),
(1788, 9, 'update', '2025-08-13 22:27:15'),
(1789, 11, 'update', '2025-08-13 22:27:15'),
(1790, 12, 'update', '2025-08-13 22:27:15'),
(1791, 16, 'update', '2025-08-13 22:27:15'),
(1792, 18, 'update', '2025-08-13 22:27:15'),
(1793, 20, 'update', '2025-08-13 22:27:15'),
(1794, 21, 'update', '2025-08-13 22:27:15'),
(1795, 22, 'update', '2025-08-13 22:27:15'),
(1796, 24, 'update', '2025-08-13 22:27:15'),
(1797, 26, 'update', '2025-08-13 22:27:15'),
(1798, 28, 'update', '2025-08-13 22:27:15'),
(1799, 29, 'update', '2025-08-13 22:27:15'),
(1800, 31, 'update', '2025-08-13 22:27:15'),
(1801, 33, 'update', '2025-08-13 22:27:15'),
(1802, 36, 'update', '2025-08-13 22:27:15'),
(1803, 3, 'update', '2025-08-13 22:27:15'),
(1804, 4, 'update', '2025-08-13 22:27:15'),
(1805, 5, 'update', '2025-08-13 22:27:15'),
(1806, 7, 'update', '2025-08-13 22:27:15'),
(1807, 9, 'update', '2025-08-13 22:27:15'),
(1808, 11, 'update', '2025-08-13 22:27:15'),
(1809, 12, 'update', '2025-08-13 22:27:15'),
(1810, 16, 'update', '2025-08-13 22:27:15'),
(1811, 18, 'update', '2025-08-13 22:27:15'),
(1812, 20, 'update', '2025-08-13 22:27:15'),
(1813, 21, 'update', '2025-08-13 22:27:15'),
(1814, 22, 'update', '2025-08-13 22:27:15'),
(1815, 24, 'update', '2025-08-13 22:27:15'),
(1816, 26, 'update', '2025-08-13 22:27:15'),
(1817, 28, 'update', '2025-08-13 22:27:15'),
(1818, 29, 'update', '2025-08-13 22:27:15'),
(1819, 31, 'update', '2025-08-13 22:27:15'),
(1820, 33, 'update', '2025-08-13 22:27:15'),
(1821, 36, 'update', '2025-08-13 22:27:15'),
(1822, 37, 'insert', '2025-08-13 22:27:16'),
(1823, 1, 'update', '2025-08-13 22:27:17'),
(1824, 2, 'update', '2025-08-13 22:27:17'),
(1825, 6, 'update', '2025-08-13 22:27:17'),
(1826, 8, 'update', '2025-08-13 22:27:17'),
(1827, 10, 'update', '2025-08-13 22:27:17'),
(1828, 13, 'update', '2025-08-13 22:27:17'),
(1829, 14, 'update', '2025-08-13 22:27:17'),
(1830, 15, 'update', '2025-08-13 22:27:17'),
(1831, 17, 'update', '2025-08-13 22:27:17'),
(1832, 19, 'update', '2025-08-13 22:27:17'),
(1833, 23, 'update', '2025-08-13 22:27:17'),
(1834, 25, 'update', '2025-08-13 22:27:17'),
(1835, 27, 'update', '2025-08-13 22:27:17'),
(1836, 30, 'update', '2025-08-13 22:27:17'),
(1837, 32, 'update', '2025-08-13 22:27:17'),
(1838, 34, 'update', '2025-08-13 22:27:17'),
(1839, 35, 'update', '2025-08-13 22:27:17'),
(1840, 37, 'update', '2025-08-13 22:27:17'),
(1841, 1, 'update', '2025-08-13 22:27:19'),
(1842, 2, 'update', '2025-08-13 22:27:19'),
(1843, 6, 'update', '2025-08-13 22:27:19'),
(1844, 8, 'update', '2025-08-13 22:27:19'),
(1845, 10, 'update', '2025-08-13 22:27:19'),
(1846, 13, 'update', '2025-08-13 22:27:19'),
(1847, 14, 'update', '2025-08-13 22:27:19'),
(1848, 15, 'update', '2025-08-13 22:27:19'),
(1849, 17, 'update', '2025-08-13 22:27:19'),
(1850, 19, 'update', '2025-08-13 22:27:19'),
(1851, 23, 'update', '2025-08-13 22:27:19'),
(1852, 25, 'update', '2025-08-13 22:27:19'),
(1853, 27, 'update', '2025-08-13 22:27:19'),
(1854, 30, 'update', '2025-08-13 22:27:19'),
(1855, 32, 'update', '2025-08-13 22:27:19'),
(1856, 34, 'update', '2025-08-13 22:27:19'),
(1857, 35, 'update', '2025-08-13 22:27:19'),
(1858, 37, 'update', '2025-08-13 22:27:19'),
(1859, 38, 'insert', '2025-08-13 22:27:21'),
(1860, 3, 'update', '2025-08-13 22:27:22'),
(1861, 4, 'update', '2025-08-13 22:27:22'),
(1862, 5, 'update', '2025-08-13 22:27:22'),
(1863, 7, 'update', '2025-08-13 22:27:22'),
(1864, 9, 'update', '2025-08-13 22:27:22'),
(1865, 11, 'update', '2025-08-13 22:27:22'),
(1866, 12, 'update', '2025-08-13 22:27:22'),
(1867, 16, 'update', '2025-08-13 22:27:22'),
(1868, 18, 'update', '2025-08-13 22:27:22'),
(1869, 20, 'update', '2025-08-13 22:27:22'),
(1870, 21, 'update', '2025-08-13 22:27:22'),
(1871, 22, 'update', '2025-08-13 22:27:22'),
(1872, 24, 'update', '2025-08-13 22:27:22'),
(1873, 26, 'update', '2025-08-13 22:27:22'),
(1874, 28, 'update', '2025-08-13 22:27:22'),
(1875, 29, 'update', '2025-08-13 22:27:22'),
(1876, 31, 'update', '2025-08-13 22:27:22'),
(1877, 33, 'update', '2025-08-13 22:27:22'),
(1878, 36, 'update', '2025-08-13 22:27:22'),
(1879, 38, 'update', '2025-08-13 22:27:22'),
(1880, 3, 'update', '2025-08-13 22:27:22'),
(1881, 4, 'update', '2025-08-13 22:27:22'),
(1882, 5, 'update', '2025-08-13 22:27:22'),
(1883, 7, 'update', '2025-08-13 22:27:22'),
(1884, 9, 'update', '2025-08-13 22:27:22'),
(1885, 11, 'update', '2025-08-13 22:27:22'),
(1886, 12, 'update', '2025-08-13 22:27:22'),
(1887, 16, 'update', '2025-08-13 22:27:22'),
(1888, 18, 'update', '2025-08-13 22:27:22'),
(1889, 20, 'update', '2025-08-13 22:27:22'),
(1890, 21, 'update', '2025-08-13 22:27:22'),
(1891, 22, 'update', '2025-08-13 22:27:22'),
(1892, 24, 'update', '2025-08-13 22:27:22'),
(1893, 26, 'update', '2025-08-13 22:27:22'),
(1894, 28, 'update', '2025-08-13 22:27:22'),
(1895, 29, 'update', '2025-08-13 22:27:22'),
(1896, 31, 'update', '2025-08-13 22:27:22'),
(1897, 33, 'update', '2025-08-13 22:27:22'),
(1898, 36, 'update', '2025-08-13 22:27:22'),
(1899, 38, 'update', '2025-08-13 22:27:22'),
(1900, 39, 'insert', '2025-08-13 22:27:25'),
(1901, 1, 'update', '2025-08-13 22:27:25'),
(1902, 2, 'update', '2025-08-13 22:27:25'),
(1903, 6, 'update', '2025-08-13 22:27:25'),
(1904, 8, 'update', '2025-08-13 22:27:25'),
(1905, 10, 'update', '2025-08-13 22:27:25'),
(1906, 13, 'update', '2025-08-13 22:27:25'),
(1907, 14, 'update', '2025-08-13 22:27:25'),
(1908, 15, 'update', '2025-08-13 22:27:25'),
(1909, 17, 'update', '2025-08-13 22:27:25'),
(1910, 19, 'update', '2025-08-13 22:27:25'),
(1911, 23, 'update', '2025-08-13 22:27:25'),
(1912, 25, 'update', '2025-08-13 22:27:25'),
(1913, 27, 'update', '2025-08-13 22:27:25'),
(1914, 30, 'update', '2025-08-13 22:27:25'),
(1915, 32, 'update', '2025-08-13 22:27:25'),
(1916, 34, 'update', '2025-08-13 22:27:25'),
(1917, 35, 'update', '2025-08-13 22:27:25'),
(1918, 37, 'update', '2025-08-13 22:27:25'),
(1919, 39, 'update', '2025-08-13 22:27:25'),
(1920, 1, 'update', '2025-08-13 22:27:27'),
(1921, 2, 'update', '2025-08-13 22:27:27'),
(1922, 6, 'update', '2025-08-13 22:27:27'),
(1923, 8, 'update', '2025-08-13 22:27:27'),
(1924, 10, 'update', '2025-08-13 22:27:27'),
(1925, 13, 'update', '2025-08-13 22:27:27'),
(1926, 14, 'update', '2025-08-13 22:27:27'),
(1927, 15, 'update', '2025-08-13 22:27:27'),
(1928, 17, 'update', '2025-08-13 22:27:27'),
(1929, 19, 'update', '2025-08-13 22:27:27'),
(1930, 23, 'update', '2025-08-13 22:27:27'),
(1931, 25, 'update', '2025-08-13 22:27:27'),
(1932, 27, 'update', '2025-08-13 22:27:27'),
(1933, 30, 'update', '2025-08-13 22:27:27'),
(1934, 32, 'update', '2025-08-13 22:27:27'),
(1935, 34, 'update', '2025-08-13 22:27:27'),
(1936, 35, 'update', '2025-08-13 22:27:27'),
(1937, 37, 'update', '2025-08-13 22:27:27'),
(1938, 39, 'update', '2025-08-13 22:27:27'),
(1939, 3, 'update', '2025-08-13 22:27:34'),
(1940, 4, 'update', '2025-08-13 22:27:34'),
(1941, 5, 'update', '2025-08-13 22:27:34'),
(1942, 7, 'update', '2025-08-13 22:27:34'),
(1943, 9, 'update', '2025-08-13 22:27:34'),
(1944, 11, 'update', '2025-08-13 22:27:34'),
(1945, 12, 'update', '2025-08-13 22:27:34'),
(1946, 16, 'update', '2025-08-13 22:27:34'),
(1947, 18, 'update', '2025-08-13 22:27:34'),
(1948, 20, 'update', '2025-08-13 22:27:34'),
(1949, 21, 'update', '2025-08-13 22:27:34'),
(1950, 22, 'update', '2025-08-13 22:27:34'),
(1951, 24, 'update', '2025-08-13 22:27:34'),
(1952, 26, 'update', '2025-08-13 22:27:34'),
(1953, 28, 'update', '2025-08-13 22:27:34'),
(1954, 29, 'update', '2025-08-13 22:27:34'),
(1955, 31, 'update', '2025-08-13 22:27:34'),
(1956, 33, 'update', '2025-08-13 22:27:34'),
(1957, 36, 'update', '2025-08-13 22:27:34'),
(1958, 38, 'update', '2025-08-13 22:27:34'),
(1959, 3, 'update', '2025-08-13 22:30:32'),
(1960, 4, 'update', '2025-08-13 22:30:32'),
(1961, 5, 'update', '2025-08-13 22:30:32'),
(1962, 7, 'update', '2025-08-13 22:30:32'),
(1963, 9, 'update', '2025-08-13 22:30:32'),
(1964, 11, 'update', '2025-08-13 22:30:32'),
(1965, 12, 'update', '2025-08-13 22:30:32'),
(1966, 16, 'update', '2025-08-13 22:30:32'),
(1967, 18, 'update', '2025-08-13 22:30:32'),
(1968, 20, 'update', '2025-08-13 22:30:32'),
(1969, 21, 'update', '2025-08-13 22:30:32'),
(1970, 22, 'update', '2025-08-13 22:30:32'),
(1971, 24, 'update', '2025-08-13 22:30:32'),
(1972, 26, 'update', '2025-08-13 22:30:32'),
(1973, 28, 'update', '2025-08-13 22:30:32'),
(1974, 29, 'update', '2025-08-13 22:30:32'),
(1975, 31, 'update', '2025-08-13 22:30:32'),
(1976, 33, 'update', '2025-08-13 22:30:32'),
(1977, 36, 'update', '2025-08-13 22:30:32'),
(1978, 38, 'update', '2025-08-13 22:30:32'),
(1979, 3, 'update', '2025-08-13 22:30:37'),
(1980, 4, 'update', '2025-08-13 22:30:37'),
(1981, 5, 'update', '2025-08-13 22:30:37'),
(1982, 7, 'update', '2025-08-13 22:30:37'),
(1983, 9, 'update', '2025-08-13 22:30:37'),
(1984, 11, 'update', '2025-08-13 22:30:37'),
(1985, 12, 'update', '2025-08-13 22:30:37'),
(1986, 16, 'update', '2025-08-13 22:30:37'),
(1987, 18, 'update', '2025-08-13 22:30:37'),
(1988, 20, 'update', '2025-08-13 22:30:37'),
(1989, 21, 'update', '2025-08-13 22:30:37'),
(1990, 22, 'update', '2025-08-13 22:30:37'),
(1991, 24, 'update', '2025-08-13 22:30:37'),
(1992, 26, 'update', '2025-08-13 22:30:37'),
(1993, 28, 'update', '2025-08-13 22:30:37'),
(1994, 29, 'update', '2025-08-13 22:30:37'),
(1995, 31, 'update', '2025-08-13 22:30:37'),
(1996, 33, 'update', '2025-08-13 22:30:37'),
(1997, 36, 'update', '2025-08-13 22:30:37'),
(1998, 38, 'update', '2025-08-13 22:30:37'),
(1999, 1, 'update', '2025-08-13 23:02:36'),
(2000, 2, 'update', '2025-08-13 23:02:36'),
(2001, 6, 'update', '2025-08-13 23:02:36'),
(2002, 8, 'update', '2025-08-13 23:02:36'),
(2003, 10, 'update', '2025-08-13 23:02:36'),
(2004, 13, 'update', '2025-08-13 23:02:36'),
(2005, 14, 'update', '2025-08-13 23:02:36'),
(2006, 15, 'update', '2025-08-13 23:02:36'),
(2007, 17, 'update', '2025-08-13 23:02:36'),
(2008, 19, 'update', '2025-08-13 23:02:36'),
(2009, 23, 'update', '2025-08-13 23:02:36'),
(2010, 25, 'update', '2025-08-13 23:02:36'),
(2011, 27, 'update', '2025-08-13 23:02:36'),
(2012, 30, 'update', '2025-08-13 23:02:36'),
(2013, 32, 'update', '2025-08-13 23:02:36'),
(2014, 34, 'update', '2025-08-13 23:02:36'),
(2015, 35, 'update', '2025-08-13 23:02:36'),
(2016, 37, 'update', '2025-08-13 23:02:36'),
(2017, 39, 'update', '2025-08-13 23:02:36'),
(2018, 3, 'update', '2025-08-13 23:02:54'),
(2019, 4, 'update', '2025-08-13 23:02:54'),
(2020, 5, 'update', '2025-08-13 23:02:54'),
(2021, 7, 'update', '2025-08-13 23:02:54'),
(2022, 9, 'update', '2025-08-13 23:02:54'),
(2023, 11, 'update', '2025-08-13 23:02:54'),
(2024, 12, 'update', '2025-08-13 23:02:54'),
(2025, 16, 'update', '2025-08-13 23:02:54'),
(2026, 18, 'update', '2025-08-13 23:02:54'),
(2027, 20, 'update', '2025-08-13 23:02:54'),
(2028, 21, 'update', '2025-08-13 23:02:54'),
(2029, 22, 'update', '2025-08-13 23:02:54'),
(2030, 24, 'update', '2025-08-13 23:02:54'),
(2031, 26, 'update', '2025-08-13 23:02:54'),
(2032, 28, 'update', '2025-08-13 23:02:54'),
(2033, 29, 'update', '2025-08-13 23:02:54'),
(2034, 31, 'update', '2025-08-13 23:02:54'),
(2035, 33, 'update', '2025-08-13 23:02:54'),
(2036, 36, 'update', '2025-08-13 23:02:54'),
(2037, 38, 'update', '2025-08-13 23:02:54'),
(2038, 40, 'insert', '2025-08-13 23:02:56'),
(2039, 3, 'update', '2025-08-13 23:02:57'),
(2040, 4, 'update', '2025-08-13 23:02:57'),
(2041, 5, 'update', '2025-08-13 23:02:57'),
(2042, 7, 'update', '2025-08-13 23:02:57'),
(2043, 9, 'update', '2025-08-13 23:02:57'),
(2044, 11, 'update', '2025-08-13 23:02:57'),
(2045, 12, 'update', '2025-08-13 23:02:57'),
(2046, 16, 'update', '2025-08-13 23:02:57'),
(2047, 18, 'update', '2025-08-13 23:02:57'),
(2048, 20, 'update', '2025-08-13 23:02:57'),
(2049, 21, 'update', '2025-08-13 23:02:57'),
(2050, 22, 'update', '2025-08-13 23:02:57'),
(2051, 24, 'update', '2025-08-13 23:02:57'),
(2052, 26, 'update', '2025-08-13 23:02:57'),
(2053, 28, 'update', '2025-08-13 23:02:57'),
(2054, 29, 'update', '2025-08-13 23:02:57'),
(2055, 31, 'update', '2025-08-13 23:02:57'),
(2056, 33, 'update', '2025-08-13 23:02:57'),
(2057, 36, 'update', '2025-08-13 23:02:57'),
(2058, 38, 'update', '2025-08-13 23:02:57'),
(2059, 3, 'update', '2025-08-13 23:02:59'),
(2060, 4, 'update', '2025-08-13 23:02:59'),
(2061, 5, 'update', '2025-08-13 23:02:59'),
(2062, 7, 'update', '2025-08-13 23:02:59'),
(2063, 9, 'update', '2025-08-13 23:02:59'),
(2064, 11, 'update', '2025-08-13 23:02:59'),
(2065, 12, 'update', '2025-08-13 23:02:59'),
(2066, 16, 'update', '2025-08-13 23:02:59'),
(2067, 18, 'update', '2025-08-13 23:02:59'),
(2068, 20, 'update', '2025-08-13 23:02:59'),
(2069, 21, 'update', '2025-08-13 23:02:59'),
(2070, 22, 'update', '2025-08-13 23:02:59'),
(2071, 24, 'update', '2025-08-13 23:02:59'),
(2072, 26, 'update', '2025-08-13 23:02:59'),
(2073, 28, 'update', '2025-08-13 23:02:59'),
(2074, 29, 'update', '2025-08-13 23:02:59'),
(2075, 31, 'update', '2025-08-13 23:02:59'),
(2076, 33, 'update', '2025-08-13 23:02:59'),
(2077, 36, 'update', '2025-08-13 23:02:59'),
(2078, 38, 'update', '2025-08-13 23:02:59'),
(2079, 1, 'update', '2025-08-13 23:02:59'),
(2080, 2, 'update', '2025-08-13 23:02:59'),
(2081, 6, 'update', '2025-08-13 23:02:59'),
(2082, 8, 'update', '2025-08-13 23:02:59'),
(2083, 10, 'update', '2025-08-13 23:02:59'),
(2084, 13, 'update', '2025-08-13 23:02:59'),
(2085, 14, 'update', '2025-08-13 23:02:59'),
(2086, 15, 'update', '2025-08-13 23:02:59'),
(2087, 17, 'update', '2025-08-13 23:02:59'),
(2088, 19, 'update', '2025-08-13 23:02:59'),
(2089, 23, 'update', '2025-08-13 23:02:59'),
(2090, 25, 'update', '2025-08-13 23:02:59'),
(2091, 27, 'update', '2025-08-13 23:02:59'),
(2092, 30, 'update', '2025-08-13 23:02:59'),
(2093, 32, 'update', '2025-08-13 23:02:59'),
(2094, 34, 'update', '2025-08-13 23:02:59'),
(2095, 35, 'update', '2025-08-13 23:02:59'),
(2096, 37, 'update', '2025-08-13 23:02:59'),
(2097, 39, 'update', '2025-08-13 23:02:59'),
(2098, 40, 'update', '2025-08-13 23:02:59'),
(2099, 1, 'update', '2025-08-13 23:03:00'),
(2100, 2, 'update', '2025-08-13 23:03:00'),
(2101, 6, 'update', '2025-08-13 23:03:00'),
(2102, 8, 'update', '2025-08-13 23:03:00'),
(2103, 10, 'update', '2025-08-13 23:03:00'),
(2104, 13, 'update', '2025-08-13 23:03:00'),
(2105, 14, 'update', '2025-08-13 23:03:00'),
(2106, 15, 'update', '2025-08-13 23:03:00'),
(2107, 17, 'update', '2025-08-13 23:03:00'),
(2108, 19, 'update', '2025-08-13 23:03:00'),
(2109, 23, 'update', '2025-08-13 23:03:00'),
(2110, 25, 'update', '2025-08-13 23:03:00'),
(2111, 27, 'update', '2025-08-13 23:03:00'),
(2112, 30, 'update', '2025-08-13 23:03:00'),
(2113, 32, 'update', '2025-08-13 23:03:00'),
(2114, 34, 'update', '2025-08-13 23:03:00'),
(2115, 35, 'update', '2025-08-13 23:03:00'),
(2116, 37, 'update', '2025-08-13 23:03:00'),
(2117, 39, 'update', '2025-08-13 23:03:00'),
(2118, 40, 'update', '2025-08-13 23:03:00'),
(2119, 3, 'update', '2025-08-13 23:03:01'),
(2120, 4, 'update', '2025-08-13 23:03:01'),
(2121, 5, 'update', '2025-08-13 23:03:01'),
(2122, 7, 'update', '2025-08-13 23:03:01'),
(2123, 9, 'update', '2025-08-13 23:03:01'),
(2124, 11, 'update', '2025-08-13 23:03:01'),
(2125, 12, 'update', '2025-08-13 23:03:01'),
(2126, 16, 'update', '2025-08-13 23:03:01'),
(2127, 18, 'update', '2025-08-13 23:03:01'),
(2128, 20, 'update', '2025-08-13 23:03:01'),
(2129, 21, 'update', '2025-08-13 23:03:01'),
(2130, 22, 'update', '2025-08-13 23:03:01'),
(2131, 24, 'update', '2025-08-13 23:03:01'),
(2132, 26, 'update', '2025-08-13 23:03:01'),
(2133, 28, 'update', '2025-08-13 23:03:01'),
(2134, 29, 'update', '2025-08-13 23:03:01'),
(2135, 31, 'update', '2025-08-13 23:03:01'),
(2136, 33, 'update', '2025-08-13 23:03:01'),
(2137, 36, 'update', '2025-08-13 23:03:01'),
(2138, 38, 'update', '2025-08-13 23:03:01'),
(2139, 1, 'update', '2025-08-13 23:03:02'),
(2140, 2, 'update', '2025-08-13 23:03:02'),
(2141, 6, 'update', '2025-08-13 23:03:02'),
(2142, 8, 'update', '2025-08-13 23:03:02'),
(2143, 10, 'update', '2025-08-13 23:03:02'),
(2144, 13, 'update', '2025-08-13 23:03:02'),
(2145, 14, 'update', '2025-08-13 23:03:02'),
(2146, 15, 'update', '2025-08-13 23:03:02'),
(2147, 17, 'update', '2025-08-13 23:03:02'),
(2148, 19, 'update', '2025-08-13 23:03:02'),
(2149, 23, 'update', '2025-08-13 23:03:02'),
(2150, 25, 'update', '2025-08-13 23:03:02'),
(2151, 27, 'update', '2025-08-13 23:03:02'),
(2152, 30, 'update', '2025-08-13 23:03:02'),
(2153, 32, 'update', '2025-08-13 23:03:02'),
(2154, 34, 'update', '2025-08-13 23:03:02'),
(2155, 35, 'update', '2025-08-13 23:03:02'),
(2156, 37, 'update', '2025-08-13 23:03:02'),
(2157, 39, 'update', '2025-08-13 23:03:02'),
(2158, 40, 'update', '2025-08-13 23:03:02'),
(2159, 3, 'update', '2025-08-13 23:03:02'),
(2160, 4, 'update', '2025-08-13 23:03:02'),
(2161, 5, 'update', '2025-08-13 23:03:02'),
(2162, 7, 'update', '2025-08-13 23:03:02'),
(2163, 9, 'update', '2025-08-13 23:03:02'),
(2164, 11, 'update', '2025-08-13 23:03:02'),
(2165, 12, 'update', '2025-08-13 23:03:02'),
(2166, 16, 'update', '2025-08-13 23:03:02'),
(2167, 18, 'update', '2025-08-13 23:03:02'),
(2168, 20, 'update', '2025-08-13 23:03:02'),
(2169, 21, 'update', '2025-08-13 23:03:02'),
(2170, 22, 'update', '2025-08-13 23:03:02'),
(2171, 24, 'update', '2025-08-13 23:03:02'),
(2172, 26, 'update', '2025-08-13 23:03:02'),
(2173, 28, 'update', '2025-08-13 23:03:02'),
(2174, 29, 'update', '2025-08-13 23:03:02'),
(2175, 31, 'update', '2025-08-13 23:03:02'),
(2176, 33, 'update', '2025-08-13 23:03:02'),
(2177, 36, 'update', '2025-08-13 23:03:02'),
(2178, 38, 'update', '2025-08-13 23:03:02'),
(2179, 1, 'update', '2025-08-13 23:03:03'),
(2180, 2, 'update', '2025-08-13 23:03:03'),
(2181, 6, 'update', '2025-08-13 23:03:03'),
(2182, 8, 'update', '2025-08-13 23:03:03'),
(2183, 10, 'update', '2025-08-13 23:03:03'),
(2184, 13, 'update', '2025-08-13 23:03:03'),
(2185, 14, 'update', '2025-08-13 23:03:03'),
(2186, 15, 'update', '2025-08-13 23:03:03'),
(2187, 17, 'update', '2025-08-13 23:03:03'),
(2188, 19, 'update', '2025-08-13 23:03:03'),
(2189, 23, 'update', '2025-08-13 23:03:03'),
(2190, 25, 'update', '2025-08-13 23:03:03'),
(2191, 27, 'update', '2025-08-13 23:03:03'),
(2192, 30, 'update', '2025-08-13 23:03:03'),
(2193, 32, 'update', '2025-08-13 23:03:03'),
(2194, 34, 'update', '2025-08-13 23:03:03'),
(2195, 35, 'update', '2025-08-13 23:03:03'),
(2196, 37, 'update', '2025-08-13 23:03:03'),
(2197, 39, 'update', '2025-08-13 23:03:03'),
(2198, 40, 'update', '2025-08-13 23:03:03'),
(2199, 41, 'insert', '2025-08-13 23:03:04'),
(2200, 3, 'update', '2025-08-13 23:03:05'),
(2201, 4, 'update', '2025-08-13 23:03:05'),
(2202, 5, 'update', '2025-08-13 23:03:05'),
(2203, 7, 'update', '2025-08-13 23:03:05'),
(2204, 9, 'update', '2025-08-13 23:03:05'),
(2205, 11, 'update', '2025-08-13 23:03:05'),
(2206, 12, 'update', '2025-08-13 23:03:05'),
(2207, 16, 'update', '2025-08-13 23:03:05'),
(2208, 18, 'update', '2025-08-13 23:03:05'),
(2209, 20, 'update', '2025-08-13 23:03:05'),
(2210, 21, 'update', '2025-08-13 23:03:05'),
(2211, 22, 'update', '2025-08-13 23:03:05'),
(2212, 24, 'update', '2025-08-13 23:03:05'),
(2213, 26, 'update', '2025-08-13 23:03:05'),
(2214, 28, 'update', '2025-08-13 23:03:05'),
(2215, 29, 'update', '2025-08-13 23:03:05'),
(2216, 31, 'update', '2025-08-13 23:03:05'),
(2217, 33, 'update', '2025-08-13 23:03:05'),
(2218, 36, 'update', '2025-08-13 23:03:05'),
(2219, 38, 'update', '2025-08-13 23:03:05'),
(2220, 41, 'update', '2025-08-13 23:03:05'),
(2221, 1, 'update', '2025-08-13 23:03:09'),
(2222, 2, 'update', '2025-08-13 23:03:09'),
(2223, 6, 'update', '2025-08-13 23:03:09'),
(2224, 8, 'update', '2025-08-13 23:03:09'),
(2225, 10, 'update', '2025-08-13 23:03:09'),
(2226, 13, 'update', '2025-08-13 23:03:09'),
(2227, 14, 'update', '2025-08-13 23:03:09'),
(2228, 15, 'update', '2025-08-13 23:03:09'),
(2229, 17, 'update', '2025-08-13 23:03:09'),
(2230, 19, 'update', '2025-08-13 23:03:09'),
(2231, 23, 'update', '2025-08-13 23:03:09'),
(2232, 25, 'update', '2025-08-13 23:03:09'),
(2233, 27, 'update', '2025-08-13 23:03:09'),
(2234, 30, 'update', '2025-08-13 23:03:09'),
(2235, 32, 'update', '2025-08-13 23:03:09'),
(2236, 34, 'update', '2025-08-13 23:03:09'),
(2237, 35, 'update', '2025-08-13 23:03:09'),
(2238, 37, 'update', '2025-08-13 23:03:09'),
(2239, 39, 'update', '2025-08-13 23:03:09'),
(2240, 40, 'update', '2025-08-13 23:03:09'),
(2241, 3, 'update', '2025-08-13 23:03:13'),
(2242, 4, 'update', '2025-08-13 23:03:13'),
(2243, 5, 'update', '2025-08-13 23:03:13'),
(2244, 7, 'update', '2025-08-13 23:03:13'),
(2245, 9, 'update', '2025-08-13 23:03:13'),
(2246, 11, 'update', '2025-08-13 23:03:13'),
(2247, 12, 'update', '2025-08-13 23:03:13'),
(2248, 16, 'update', '2025-08-13 23:03:13'),
(2249, 18, 'update', '2025-08-13 23:03:13'),
(2250, 20, 'update', '2025-08-13 23:03:13'),
(2251, 21, 'update', '2025-08-13 23:03:13'),
(2252, 22, 'update', '2025-08-13 23:03:13'),
(2253, 24, 'update', '2025-08-13 23:03:13'),
(2254, 26, 'update', '2025-08-13 23:03:13'),
(2255, 28, 'update', '2025-08-13 23:03:13'),
(2256, 29, 'update', '2025-08-13 23:03:13'),
(2257, 31, 'update', '2025-08-13 23:03:13'),
(2258, 33, 'update', '2025-08-13 23:03:13'),
(2259, 36, 'update', '2025-08-13 23:03:13'),
(2260, 38, 'update', '2025-08-13 23:03:13'),
(2261, 41, 'update', '2025-08-13 23:03:13'),
(2262, 42, 'insert', '2025-08-13 23:03:17'),
(2263, 1, 'update', '2025-08-13 23:03:19'),
(2264, 2, 'update', '2025-08-13 23:03:19'),
(2265, 6, 'update', '2025-08-13 23:03:19'),
(2266, 8, 'update', '2025-08-13 23:03:19'),
(2267, 10, 'update', '2025-08-13 23:03:19'),
(2268, 13, 'update', '2025-08-13 23:03:19'),
(2269, 14, 'update', '2025-08-13 23:03:19'),
(2270, 15, 'update', '2025-08-13 23:03:19'),
(2271, 17, 'update', '2025-08-13 23:03:19'),
(2272, 19, 'update', '2025-08-13 23:03:19'),
(2273, 23, 'update', '2025-08-13 23:03:19'),
(2274, 25, 'update', '2025-08-13 23:03:19'),
(2275, 27, 'update', '2025-08-13 23:03:19'),
(2276, 30, 'update', '2025-08-13 23:03:19'),
(2277, 32, 'update', '2025-08-13 23:03:19'),
(2278, 34, 'update', '2025-08-13 23:03:19'),
(2279, 35, 'update', '2025-08-13 23:03:19'),
(2280, 37, 'update', '2025-08-13 23:03:19'),
(2281, 39, 'update', '2025-08-13 23:03:19'),
(2282, 40, 'update', '2025-08-13 23:03:19'),
(2283, 42, 'update', '2025-08-13 23:03:19'),
(2284, 43, 'insert', '2025-08-13 23:03:22'),
(2285, 3, 'update', '2025-08-13 23:03:24'),
(2286, 4, 'update', '2025-08-13 23:03:24'),
(2287, 5, 'update', '2025-08-13 23:03:24'),
(2288, 7, 'update', '2025-08-13 23:03:24'),
(2289, 9, 'update', '2025-08-13 23:03:24'),
(2290, 11, 'update', '2025-08-13 23:03:24'),
(2291, 12, 'update', '2025-08-13 23:03:24'),
(2292, 16, 'update', '2025-08-13 23:03:24'),
(2293, 18, 'update', '2025-08-13 23:03:24'),
(2294, 20, 'update', '2025-08-13 23:03:24'),
(2295, 21, 'update', '2025-08-13 23:03:24'),
(2296, 22, 'update', '2025-08-13 23:03:24'),
(2297, 24, 'update', '2025-08-13 23:03:24'),
(2298, 26, 'update', '2025-08-13 23:03:24'),
(2299, 28, 'update', '2025-08-13 23:03:24'),
(2300, 29, 'update', '2025-08-13 23:03:24'),
(2301, 31, 'update', '2025-08-13 23:03:24'),
(2302, 33, 'update', '2025-08-13 23:03:24'),
(2303, 36, 'update', '2025-08-13 23:03:24'),
(2304, 38, 'update', '2025-08-13 23:03:24'),
(2305, 41, 'update', '2025-08-13 23:03:24'),
(2306, 43, 'update', '2025-08-13 23:03:24'),
(2307, 3, 'update', '2025-08-13 23:04:57'),
(2308, 4, 'update', '2025-08-13 23:04:57'),
(2309, 5, 'update', '2025-08-13 23:04:57'),
(2310, 7, 'update', '2025-08-13 23:04:57'),
(2311, 9, 'update', '2025-08-13 23:04:57'),
(2312, 11, 'update', '2025-08-13 23:04:57'),
(2313, 12, 'update', '2025-08-13 23:04:57'),
(2314, 16, 'update', '2025-08-13 23:04:57'),
(2315, 18, 'update', '2025-08-13 23:04:57'),
(2316, 20, 'update', '2025-08-13 23:04:57'),
(2317, 21, 'update', '2025-08-13 23:04:57'),
(2318, 22, 'update', '2025-08-13 23:04:57'),
(2319, 24, 'update', '2025-08-13 23:04:57'),
(2320, 26, 'update', '2025-08-13 23:04:57'),
(2321, 28, 'update', '2025-08-13 23:04:57'),
(2322, 29, 'update', '2025-08-13 23:04:57'),
(2323, 31, 'update', '2025-08-13 23:04:57'),
(2324, 33, 'update', '2025-08-13 23:04:57'),
(2325, 36, 'update', '2025-08-13 23:04:57'),
(2326, 38, 'update', '2025-08-13 23:04:57'),
(2327, 41, 'update', '2025-08-13 23:04:57'),
(2328, 43, 'update', '2025-08-13 23:04:57'),
(2329, 1, 'update', '2025-08-13 23:05:03'),
(2330, 2, 'update', '2025-08-13 23:05:03'),
(2331, 6, 'update', '2025-08-13 23:05:03'),
(2332, 8, 'update', '2025-08-13 23:05:03'),
(2333, 10, 'update', '2025-08-13 23:05:03'),
(2334, 13, 'update', '2025-08-13 23:05:03'),
(2335, 14, 'update', '2025-08-13 23:05:03'),
(2336, 15, 'update', '2025-08-13 23:05:03'),
(2337, 17, 'update', '2025-08-13 23:05:03'),
(2338, 19, 'update', '2025-08-13 23:05:03'),
(2339, 23, 'update', '2025-08-13 23:05:03'),
(2340, 25, 'update', '2025-08-13 23:05:03'),
(2341, 27, 'update', '2025-08-13 23:05:03'),
(2342, 30, 'update', '2025-08-13 23:05:03'),
(2343, 32, 'update', '2025-08-13 23:05:03'),
(2344, 34, 'update', '2025-08-13 23:05:03'),
(2345, 35, 'update', '2025-08-13 23:05:03'),
(2346, 37, 'update', '2025-08-13 23:05:03'),
(2347, 39, 'update', '2025-08-13 23:05:03'),
(2348, 40, 'update', '2025-08-13 23:05:03'),
(2349, 42, 'update', '2025-08-13 23:05:03'),
(2350, 1, 'update', '2025-08-13 23:05:06'),
(2351, 2, 'update', '2025-08-13 23:05:06'),
(2352, 6, 'update', '2025-08-13 23:05:06'),
(2353, 8, 'update', '2025-08-13 23:05:06'),
(2354, 10, 'update', '2025-08-13 23:05:06'),
(2355, 13, 'update', '2025-08-13 23:05:06'),
(2356, 14, 'update', '2025-08-13 23:05:06'),
(2357, 15, 'update', '2025-08-13 23:05:06'),
(2358, 17, 'update', '2025-08-13 23:05:06'),
(2359, 19, 'update', '2025-08-13 23:05:06'),
(2360, 23, 'update', '2025-08-13 23:05:06'),
(2361, 25, 'update', '2025-08-13 23:05:06'),
(2362, 27, 'update', '2025-08-13 23:05:06'),
(2363, 30, 'update', '2025-08-13 23:05:06'),
(2364, 32, 'update', '2025-08-13 23:05:06'),
(2365, 34, 'update', '2025-08-13 23:05:06'),
(2366, 35, 'update', '2025-08-13 23:05:06'),
(2367, 37, 'update', '2025-08-13 23:05:06'),
(2368, 39, 'update', '2025-08-13 23:05:06'),
(2369, 40, 'update', '2025-08-13 23:05:06');
INSERT INTO `messages_log` (`log_id`, `message_id`, `action`, `action_at`) VALUES
(2370, 42, 'update', '2025-08-13 23:05:06'),
(2371, 44, 'insert', '2025-08-13 23:05:08'),
(2372, 1, 'update', '2025-08-13 23:05:11'),
(2373, 2, 'update', '2025-08-13 23:05:11'),
(2374, 6, 'update', '2025-08-13 23:05:11'),
(2375, 8, 'update', '2025-08-13 23:05:11'),
(2376, 10, 'update', '2025-08-13 23:05:11'),
(2377, 13, 'update', '2025-08-13 23:05:11'),
(2378, 14, 'update', '2025-08-13 23:05:11'),
(2379, 15, 'update', '2025-08-13 23:05:11'),
(2380, 17, 'update', '2025-08-13 23:05:11'),
(2381, 19, 'update', '2025-08-13 23:05:11'),
(2382, 23, 'update', '2025-08-13 23:05:11'),
(2383, 25, 'update', '2025-08-13 23:05:11'),
(2384, 27, 'update', '2025-08-13 23:05:11'),
(2385, 30, 'update', '2025-08-13 23:05:11'),
(2386, 32, 'update', '2025-08-13 23:05:11'),
(2387, 34, 'update', '2025-08-13 23:05:11'),
(2388, 35, 'update', '2025-08-13 23:05:11'),
(2389, 37, 'update', '2025-08-13 23:05:11'),
(2390, 39, 'update', '2025-08-13 23:05:11'),
(2391, 40, 'update', '2025-08-13 23:05:11'),
(2392, 42, 'update', '2025-08-13 23:05:11'),
(2393, 1, 'update', '2025-08-13 23:05:11'),
(2394, 2, 'update', '2025-08-13 23:05:11'),
(2395, 6, 'update', '2025-08-13 23:05:11'),
(2396, 8, 'update', '2025-08-13 23:05:11'),
(2397, 10, 'update', '2025-08-13 23:05:11'),
(2398, 13, 'update', '2025-08-13 23:05:11'),
(2399, 14, 'update', '2025-08-13 23:05:11'),
(2400, 15, 'update', '2025-08-13 23:05:11'),
(2401, 17, 'update', '2025-08-13 23:05:11'),
(2402, 19, 'update', '2025-08-13 23:05:11'),
(2403, 23, 'update', '2025-08-13 23:05:11'),
(2404, 25, 'update', '2025-08-13 23:05:11'),
(2405, 27, 'update', '2025-08-13 23:05:11'),
(2406, 30, 'update', '2025-08-13 23:05:11'),
(2407, 32, 'update', '2025-08-13 23:05:11'),
(2408, 34, 'update', '2025-08-13 23:05:11'),
(2409, 35, 'update', '2025-08-13 23:05:11'),
(2410, 37, 'update', '2025-08-13 23:05:11'),
(2411, 39, 'update', '2025-08-13 23:05:11'),
(2412, 40, 'update', '2025-08-13 23:05:11'),
(2413, 42, 'update', '2025-08-13 23:05:11'),
(2414, 1, 'update', '2025-08-13 23:05:11'),
(2415, 2, 'update', '2025-08-13 23:05:11'),
(2416, 6, 'update', '2025-08-13 23:05:11'),
(2417, 8, 'update', '2025-08-13 23:05:11'),
(2418, 10, 'update', '2025-08-13 23:05:11'),
(2419, 13, 'update', '2025-08-13 23:05:11'),
(2420, 14, 'update', '2025-08-13 23:05:11'),
(2421, 15, 'update', '2025-08-13 23:05:11'),
(2422, 17, 'update', '2025-08-13 23:05:11'),
(2423, 19, 'update', '2025-08-13 23:05:11'),
(2424, 23, 'update', '2025-08-13 23:05:11'),
(2425, 25, 'update', '2025-08-13 23:05:11'),
(2426, 27, 'update', '2025-08-13 23:05:11'),
(2427, 30, 'update', '2025-08-13 23:05:11'),
(2428, 32, 'update', '2025-08-13 23:05:11'),
(2429, 34, 'update', '2025-08-13 23:05:11'),
(2430, 35, 'update', '2025-08-13 23:05:11'),
(2431, 37, 'update', '2025-08-13 23:05:11'),
(2432, 39, 'update', '2025-08-13 23:05:11'),
(2433, 40, 'update', '2025-08-13 23:05:11'),
(2434, 42, 'update', '2025-08-13 23:05:11'),
(2435, 1, 'update', '2025-08-13 23:05:11'),
(2436, 2, 'update', '2025-08-13 23:05:11'),
(2437, 6, 'update', '2025-08-13 23:05:11'),
(2438, 8, 'update', '2025-08-13 23:05:11'),
(2439, 10, 'update', '2025-08-13 23:05:11'),
(2440, 13, 'update', '2025-08-13 23:05:11'),
(2441, 14, 'update', '2025-08-13 23:05:11'),
(2442, 15, 'update', '2025-08-13 23:05:11'),
(2443, 17, 'update', '2025-08-13 23:05:11'),
(2444, 19, 'update', '2025-08-13 23:05:11'),
(2445, 23, 'update', '2025-08-13 23:05:11'),
(2446, 25, 'update', '2025-08-13 23:05:11'),
(2447, 27, 'update', '2025-08-13 23:05:11'),
(2448, 30, 'update', '2025-08-13 23:05:11'),
(2449, 32, 'update', '2025-08-13 23:05:11'),
(2450, 34, 'update', '2025-08-13 23:05:11'),
(2451, 35, 'update', '2025-08-13 23:05:11'),
(2452, 37, 'update', '2025-08-13 23:05:11'),
(2453, 39, 'update', '2025-08-13 23:05:11'),
(2454, 40, 'update', '2025-08-13 23:05:11'),
(2455, 42, 'update', '2025-08-13 23:05:11'),
(2456, 1, 'update', '2025-08-13 23:05:11'),
(2457, 2, 'update', '2025-08-13 23:05:11'),
(2458, 6, 'update', '2025-08-13 23:05:11'),
(2459, 8, 'update', '2025-08-13 23:05:11'),
(2460, 10, 'update', '2025-08-13 23:05:11'),
(2461, 13, 'update', '2025-08-13 23:05:11'),
(2462, 14, 'update', '2025-08-13 23:05:11'),
(2463, 15, 'update', '2025-08-13 23:05:11'),
(2464, 17, 'update', '2025-08-13 23:05:11'),
(2465, 19, 'update', '2025-08-13 23:05:11'),
(2466, 23, 'update', '2025-08-13 23:05:11'),
(2467, 25, 'update', '2025-08-13 23:05:11'),
(2468, 27, 'update', '2025-08-13 23:05:11'),
(2469, 30, 'update', '2025-08-13 23:05:11'),
(2470, 32, 'update', '2025-08-13 23:05:11'),
(2471, 34, 'update', '2025-08-13 23:05:11'),
(2472, 35, 'update', '2025-08-13 23:05:11'),
(2473, 37, 'update', '2025-08-13 23:05:11'),
(2474, 39, 'update', '2025-08-13 23:05:11'),
(2475, 40, 'update', '2025-08-13 23:05:11'),
(2476, 42, 'update', '2025-08-13 23:05:11'),
(2477, 1, 'update', '2025-08-13 23:05:11'),
(2478, 2, 'update', '2025-08-13 23:05:11'),
(2479, 6, 'update', '2025-08-13 23:05:11'),
(2480, 8, 'update', '2025-08-13 23:05:11'),
(2481, 10, 'update', '2025-08-13 23:05:11'),
(2482, 13, 'update', '2025-08-13 23:05:11'),
(2483, 14, 'update', '2025-08-13 23:05:11'),
(2484, 15, 'update', '2025-08-13 23:05:11'),
(2485, 17, 'update', '2025-08-13 23:05:11'),
(2486, 19, 'update', '2025-08-13 23:05:11'),
(2487, 23, 'update', '2025-08-13 23:05:11'),
(2488, 25, 'update', '2025-08-13 23:05:11'),
(2489, 27, 'update', '2025-08-13 23:05:11'),
(2490, 30, 'update', '2025-08-13 23:05:11'),
(2491, 32, 'update', '2025-08-13 23:05:11'),
(2492, 34, 'update', '2025-08-13 23:05:11'),
(2493, 35, 'update', '2025-08-13 23:05:11'),
(2494, 37, 'update', '2025-08-13 23:05:11'),
(2495, 39, 'update', '2025-08-13 23:05:11'),
(2496, 40, 'update', '2025-08-13 23:05:11'),
(2497, 42, 'update', '2025-08-13 23:05:11'),
(2498, 1, 'update', '2025-08-13 23:05:11'),
(2499, 2, 'update', '2025-08-13 23:05:11'),
(2500, 6, 'update', '2025-08-13 23:05:11'),
(2501, 8, 'update', '2025-08-13 23:05:11'),
(2502, 10, 'update', '2025-08-13 23:05:11'),
(2503, 13, 'update', '2025-08-13 23:05:11'),
(2504, 14, 'update', '2025-08-13 23:05:11'),
(2505, 15, 'update', '2025-08-13 23:05:11'),
(2506, 17, 'update', '2025-08-13 23:05:11'),
(2507, 19, 'update', '2025-08-13 23:05:11'),
(2508, 23, 'update', '2025-08-13 23:05:11'),
(2509, 25, 'update', '2025-08-13 23:05:11'),
(2510, 27, 'update', '2025-08-13 23:05:11'),
(2511, 30, 'update', '2025-08-13 23:05:11'),
(2512, 32, 'update', '2025-08-13 23:05:11'),
(2513, 34, 'update', '2025-08-13 23:05:11'),
(2514, 35, 'update', '2025-08-13 23:05:11'),
(2515, 37, 'update', '2025-08-13 23:05:11'),
(2516, 39, 'update', '2025-08-13 23:05:11'),
(2517, 40, 'update', '2025-08-13 23:05:11'),
(2518, 42, 'update', '2025-08-13 23:05:11'),
(2519, 1, 'update', '2025-08-13 23:05:11'),
(2520, 2, 'update', '2025-08-13 23:05:11'),
(2521, 6, 'update', '2025-08-13 23:05:11'),
(2522, 8, 'update', '2025-08-13 23:05:11'),
(2523, 10, 'update', '2025-08-13 23:05:11'),
(2524, 13, 'update', '2025-08-13 23:05:11'),
(2525, 14, 'update', '2025-08-13 23:05:11'),
(2526, 15, 'update', '2025-08-13 23:05:11'),
(2527, 17, 'update', '2025-08-13 23:05:11'),
(2528, 19, 'update', '2025-08-13 23:05:11'),
(2529, 23, 'update', '2025-08-13 23:05:11'),
(2530, 25, 'update', '2025-08-13 23:05:11'),
(2531, 27, 'update', '2025-08-13 23:05:11'),
(2532, 30, 'update', '2025-08-13 23:05:11'),
(2533, 32, 'update', '2025-08-13 23:05:11'),
(2534, 34, 'update', '2025-08-13 23:05:11'),
(2535, 35, 'update', '2025-08-13 23:05:11'),
(2536, 37, 'update', '2025-08-13 23:05:11'),
(2537, 39, 'update', '2025-08-13 23:05:11'),
(2538, 40, 'update', '2025-08-13 23:05:11'),
(2539, 42, 'update', '2025-08-13 23:05:11'),
(2540, 1, 'update', '2025-08-13 23:05:11'),
(2541, 2, 'update', '2025-08-13 23:05:11'),
(2542, 6, 'update', '2025-08-13 23:05:11'),
(2543, 8, 'update', '2025-08-13 23:05:11'),
(2544, 10, 'update', '2025-08-13 23:05:11'),
(2545, 13, 'update', '2025-08-13 23:05:11'),
(2546, 14, 'update', '2025-08-13 23:05:11'),
(2547, 15, 'update', '2025-08-13 23:05:11'),
(2548, 17, 'update', '2025-08-13 23:05:11'),
(2549, 19, 'update', '2025-08-13 23:05:11'),
(2550, 23, 'update', '2025-08-13 23:05:11'),
(2551, 25, 'update', '2025-08-13 23:05:11'),
(2552, 27, 'update', '2025-08-13 23:05:11'),
(2553, 30, 'update', '2025-08-13 23:05:11'),
(2554, 32, 'update', '2025-08-13 23:05:11'),
(2555, 34, 'update', '2025-08-13 23:05:11'),
(2556, 35, 'update', '2025-08-13 23:05:11'),
(2557, 37, 'update', '2025-08-13 23:05:11'),
(2558, 39, 'update', '2025-08-13 23:05:11'),
(2559, 40, 'update', '2025-08-13 23:05:11'),
(2560, 42, 'update', '2025-08-13 23:05:11'),
(2561, 1, 'update', '2025-08-13 23:05:11'),
(2562, 2, 'update', '2025-08-13 23:05:11'),
(2563, 6, 'update', '2025-08-13 23:05:11'),
(2564, 8, 'update', '2025-08-13 23:05:11'),
(2565, 10, 'update', '2025-08-13 23:05:11'),
(2566, 13, 'update', '2025-08-13 23:05:11'),
(2567, 14, 'update', '2025-08-13 23:05:11'),
(2568, 15, 'update', '2025-08-13 23:05:11'),
(2569, 17, 'update', '2025-08-13 23:05:11'),
(2570, 19, 'update', '2025-08-13 23:05:11'),
(2571, 23, 'update', '2025-08-13 23:05:11'),
(2572, 25, 'update', '2025-08-13 23:05:11'),
(2573, 27, 'update', '2025-08-13 23:05:11'),
(2574, 30, 'update', '2025-08-13 23:05:11'),
(2575, 32, 'update', '2025-08-13 23:05:11'),
(2576, 34, 'update', '2025-08-13 23:05:11'),
(2577, 35, 'update', '2025-08-13 23:05:11'),
(2578, 37, 'update', '2025-08-13 23:05:11'),
(2579, 39, 'update', '2025-08-13 23:05:11'),
(2580, 40, 'update', '2025-08-13 23:05:11'),
(2581, 42, 'update', '2025-08-13 23:05:11'),
(2582, 1, 'update', '2025-08-13 23:05:11'),
(2583, 2, 'update', '2025-08-13 23:05:11'),
(2584, 6, 'update', '2025-08-13 23:05:11'),
(2585, 8, 'update', '2025-08-13 23:05:11'),
(2586, 10, 'update', '2025-08-13 23:05:11'),
(2587, 13, 'update', '2025-08-13 23:05:11'),
(2588, 14, 'update', '2025-08-13 23:05:11'),
(2589, 15, 'update', '2025-08-13 23:05:11'),
(2590, 17, 'update', '2025-08-13 23:05:11'),
(2591, 19, 'update', '2025-08-13 23:05:11'),
(2592, 23, 'update', '2025-08-13 23:05:11'),
(2593, 25, 'update', '2025-08-13 23:05:11'),
(2594, 27, 'update', '2025-08-13 23:05:11'),
(2595, 30, 'update', '2025-08-13 23:05:11'),
(2596, 32, 'update', '2025-08-13 23:05:11'),
(2597, 34, 'update', '2025-08-13 23:05:11'),
(2598, 35, 'update', '2025-08-13 23:05:11'),
(2599, 37, 'update', '2025-08-13 23:05:11'),
(2600, 39, 'update', '2025-08-13 23:05:11'),
(2601, 40, 'update', '2025-08-13 23:05:11'),
(2602, 42, 'update', '2025-08-13 23:05:11'),
(2603, 1, 'update', '2025-08-13 23:05:11'),
(2604, 2, 'update', '2025-08-13 23:05:11'),
(2605, 6, 'update', '2025-08-13 23:05:11'),
(2606, 8, 'update', '2025-08-13 23:05:11'),
(2607, 10, 'update', '2025-08-13 23:05:11'),
(2608, 13, 'update', '2025-08-13 23:05:11'),
(2609, 14, 'update', '2025-08-13 23:05:11'),
(2610, 15, 'update', '2025-08-13 23:05:11'),
(2611, 17, 'update', '2025-08-13 23:05:11'),
(2612, 19, 'update', '2025-08-13 23:05:11'),
(2613, 23, 'update', '2025-08-13 23:05:11'),
(2614, 25, 'update', '2025-08-13 23:05:11'),
(2615, 27, 'update', '2025-08-13 23:05:11'),
(2616, 30, 'update', '2025-08-13 23:05:11'),
(2617, 32, 'update', '2025-08-13 23:05:11'),
(2618, 34, 'update', '2025-08-13 23:05:11'),
(2619, 35, 'update', '2025-08-13 23:05:11'),
(2620, 37, 'update', '2025-08-13 23:05:11'),
(2621, 39, 'update', '2025-08-13 23:05:11'),
(2622, 40, 'update', '2025-08-13 23:05:11'),
(2623, 42, 'update', '2025-08-13 23:05:11'),
(2624, 1, 'update', '2025-08-13 23:05:11'),
(2625, 2, 'update', '2025-08-13 23:05:11'),
(2626, 6, 'update', '2025-08-13 23:05:11'),
(2627, 8, 'update', '2025-08-13 23:05:11'),
(2628, 10, 'update', '2025-08-13 23:05:11'),
(2629, 13, 'update', '2025-08-13 23:05:11'),
(2630, 14, 'update', '2025-08-13 23:05:11'),
(2631, 15, 'update', '2025-08-13 23:05:11'),
(2632, 17, 'update', '2025-08-13 23:05:11'),
(2633, 19, 'update', '2025-08-13 23:05:11'),
(2634, 23, 'update', '2025-08-13 23:05:11'),
(2635, 25, 'update', '2025-08-13 23:05:11'),
(2636, 27, 'update', '2025-08-13 23:05:11'),
(2637, 30, 'update', '2025-08-13 23:05:11'),
(2638, 32, 'update', '2025-08-13 23:05:11'),
(2639, 34, 'update', '2025-08-13 23:05:11'),
(2640, 35, 'update', '2025-08-13 23:05:11'),
(2641, 37, 'update', '2025-08-13 23:05:11'),
(2642, 39, 'update', '2025-08-13 23:05:11'),
(2643, 40, 'update', '2025-08-13 23:05:11'),
(2644, 42, 'update', '2025-08-13 23:05:11'),
(2645, 1, 'update', '2025-08-13 23:05:11'),
(2646, 2, 'update', '2025-08-13 23:05:11'),
(2647, 6, 'update', '2025-08-13 23:05:11'),
(2648, 8, 'update', '2025-08-13 23:05:11'),
(2649, 10, 'update', '2025-08-13 23:05:11'),
(2650, 13, 'update', '2025-08-13 23:05:11'),
(2651, 14, 'update', '2025-08-13 23:05:11'),
(2652, 15, 'update', '2025-08-13 23:05:11'),
(2653, 17, 'update', '2025-08-13 23:05:11'),
(2654, 19, 'update', '2025-08-13 23:05:11'),
(2655, 23, 'update', '2025-08-13 23:05:11'),
(2656, 25, 'update', '2025-08-13 23:05:11'),
(2657, 27, 'update', '2025-08-13 23:05:11'),
(2658, 30, 'update', '2025-08-13 23:05:11'),
(2659, 32, 'update', '2025-08-13 23:05:11'),
(2660, 34, 'update', '2025-08-13 23:05:11'),
(2661, 35, 'update', '2025-08-13 23:05:11'),
(2662, 37, 'update', '2025-08-13 23:05:11'),
(2663, 39, 'update', '2025-08-13 23:05:11'),
(2664, 40, 'update', '2025-08-13 23:05:11'),
(2665, 42, 'update', '2025-08-13 23:05:11'),
(2666, 3, 'update', '2025-08-13 23:05:11'),
(2667, 4, 'update', '2025-08-13 23:05:11'),
(2668, 5, 'update', '2025-08-13 23:05:11'),
(2669, 7, 'update', '2025-08-13 23:05:11'),
(2670, 9, 'update', '2025-08-13 23:05:11'),
(2671, 11, 'update', '2025-08-13 23:05:11'),
(2672, 12, 'update', '2025-08-13 23:05:11'),
(2673, 16, 'update', '2025-08-13 23:05:11'),
(2674, 18, 'update', '2025-08-13 23:05:11'),
(2675, 20, 'update', '2025-08-13 23:05:11'),
(2676, 21, 'update', '2025-08-13 23:05:11'),
(2677, 22, 'update', '2025-08-13 23:05:11'),
(2678, 24, 'update', '2025-08-13 23:05:11'),
(2679, 26, 'update', '2025-08-13 23:05:11'),
(2680, 28, 'update', '2025-08-13 23:05:11'),
(2681, 29, 'update', '2025-08-13 23:05:11'),
(2682, 31, 'update', '2025-08-13 23:05:11'),
(2683, 33, 'update', '2025-08-13 23:05:11'),
(2684, 36, 'update', '2025-08-13 23:05:11'),
(2685, 38, 'update', '2025-08-13 23:05:11'),
(2686, 41, 'update', '2025-08-13 23:05:11'),
(2687, 43, 'update', '2025-08-13 23:05:11'),
(2688, 44, 'update', '2025-08-13 23:05:11'),
(2689, 45, 'insert', '2025-08-13 23:05:18'),
(2690, 1, 'update', '2025-08-13 23:05:19'),
(2691, 2, 'update', '2025-08-13 23:05:19'),
(2692, 6, 'update', '2025-08-13 23:05:19'),
(2693, 8, 'update', '2025-08-13 23:05:19'),
(2694, 10, 'update', '2025-08-13 23:05:19'),
(2695, 13, 'update', '2025-08-13 23:05:19'),
(2696, 14, 'update', '2025-08-13 23:05:19'),
(2697, 15, 'update', '2025-08-13 23:05:19'),
(2698, 17, 'update', '2025-08-13 23:05:19'),
(2699, 19, 'update', '2025-08-13 23:05:19'),
(2700, 23, 'update', '2025-08-13 23:05:19'),
(2701, 25, 'update', '2025-08-13 23:05:19'),
(2702, 27, 'update', '2025-08-13 23:05:19'),
(2703, 30, 'update', '2025-08-13 23:05:19'),
(2704, 32, 'update', '2025-08-13 23:05:19'),
(2705, 34, 'update', '2025-08-13 23:05:19'),
(2706, 35, 'update', '2025-08-13 23:05:19'),
(2707, 37, 'update', '2025-08-13 23:05:19'),
(2708, 39, 'update', '2025-08-13 23:05:19'),
(2709, 40, 'update', '2025-08-13 23:05:19'),
(2710, 42, 'update', '2025-08-13 23:05:19'),
(2711, 45, 'update', '2025-08-13 23:05:19'),
(2712, 1, 'update', '2025-08-13 23:05:21'),
(2713, 2, 'update', '2025-08-13 23:05:21'),
(2714, 6, 'update', '2025-08-13 23:05:21'),
(2715, 8, 'update', '2025-08-13 23:05:21'),
(2716, 10, 'update', '2025-08-13 23:05:21'),
(2717, 13, 'update', '2025-08-13 23:05:21'),
(2718, 14, 'update', '2025-08-13 23:05:21'),
(2719, 15, 'update', '2025-08-13 23:05:21'),
(2720, 17, 'update', '2025-08-13 23:05:21'),
(2721, 19, 'update', '2025-08-13 23:05:21'),
(2722, 23, 'update', '2025-08-13 23:05:21'),
(2723, 25, 'update', '2025-08-13 23:05:21'),
(2724, 27, 'update', '2025-08-13 23:05:21'),
(2725, 30, 'update', '2025-08-13 23:05:21'),
(2726, 32, 'update', '2025-08-13 23:05:21'),
(2727, 34, 'update', '2025-08-13 23:05:21'),
(2728, 35, 'update', '2025-08-13 23:05:21'),
(2729, 37, 'update', '2025-08-13 23:05:21'),
(2730, 39, 'update', '2025-08-13 23:05:21'),
(2731, 40, 'update', '2025-08-13 23:05:21'),
(2732, 42, 'update', '2025-08-13 23:05:21'),
(2733, 45, 'update', '2025-08-13 23:05:21'),
(2734, 3, 'update', '2025-08-13 23:05:22'),
(2735, 4, 'update', '2025-08-13 23:05:22'),
(2736, 5, 'update', '2025-08-13 23:05:22'),
(2737, 7, 'update', '2025-08-13 23:05:22'),
(2738, 9, 'update', '2025-08-13 23:05:22'),
(2739, 11, 'update', '2025-08-13 23:05:22'),
(2740, 12, 'update', '2025-08-13 23:05:22'),
(2741, 16, 'update', '2025-08-13 23:05:22'),
(2742, 18, 'update', '2025-08-13 23:05:22'),
(2743, 20, 'update', '2025-08-13 23:05:22'),
(2744, 21, 'update', '2025-08-13 23:05:22'),
(2745, 22, 'update', '2025-08-13 23:05:22'),
(2746, 24, 'update', '2025-08-13 23:05:22'),
(2747, 26, 'update', '2025-08-13 23:05:22'),
(2748, 28, 'update', '2025-08-13 23:05:22'),
(2749, 29, 'update', '2025-08-13 23:05:22'),
(2750, 31, 'update', '2025-08-13 23:05:22'),
(2751, 33, 'update', '2025-08-13 23:05:22'),
(2752, 36, 'update', '2025-08-13 23:05:22'),
(2753, 38, 'update', '2025-08-13 23:05:22'),
(2754, 41, 'update', '2025-08-13 23:05:22'),
(2755, 43, 'update', '2025-08-13 23:05:22'),
(2756, 44, 'update', '2025-08-13 23:05:22'),
(2757, 3, 'update', '2025-08-13 23:05:29'),
(2758, 4, 'update', '2025-08-13 23:05:29'),
(2759, 5, 'update', '2025-08-13 23:05:29'),
(2760, 7, 'update', '2025-08-13 23:05:29'),
(2761, 9, 'update', '2025-08-13 23:05:29'),
(2762, 11, 'update', '2025-08-13 23:05:29'),
(2763, 12, 'update', '2025-08-13 23:05:29'),
(2764, 16, 'update', '2025-08-13 23:05:29'),
(2765, 18, 'update', '2025-08-13 23:05:29'),
(2766, 20, 'update', '2025-08-13 23:05:29'),
(2767, 21, 'update', '2025-08-13 23:05:29'),
(2768, 22, 'update', '2025-08-13 23:05:29'),
(2769, 24, 'update', '2025-08-13 23:05:29'),
(2770, 26, 'update', '2025-08-13 23:05:29'),
(2771, 28, 'update', '2025-08-13 23:05:29'),
(2772, 29, 'update', '2025-08-13 23:05:29'),
(2773, 31, 'update', '2025-08-13 23:05:29'),
(2774, 33, 'update', '2025-08-13 23:05:29'),
(2775, 36, 'update', '2025-08-13 23:05:29'),
(2776, 38, 'update', '2025-08-13 23:05:29'),
(2777, 41, 'update', '2025-08-13 23:05:29'),
(2778, 43, 'update', '2025-08-13 23:05:29'),
(2779, 44, 'update', '2025-08-13 23:05:29'),
(2780, 46, 'insert', '2025-08-13 23:05:32'),
(2781, 3, 'update', '2025-08-13 23:05:34'),
(2782, 4, 'update', '2025-08-13 23:05:34'),
(2783, 5, 'update', '2025-08-13 23:05:34'),
(2784, 7, 'update', '2025-08-13 23:05:34'),
(2785, 9, 'update', '2025-08-13 23:05:34'),
(2786, 11, 'update', '2025-08-13 23:05:34'),
(2787, 12, 'update', '2025-08-13 23:05:34'),
(2788, 16, 'update', '2025-08-13 23:05:34'),
(2789, 18, 'update', '2025-08-13 23:05:34'),
(2790, 20, 'update', '2025-08-13 23:05:34'),
(2791, 21, 'update', '2025-08-13 23:05:34'),
(2792, 22, 'update', '2025-08-13 23:05:34'),
(2793, 24, 'update', '2025-08-13 23:05:34'),
(2794, 26, 'update', '2025-08-13 23:05:34'),
(2795, 28, 'update', '2025-08-13 23:05:34'),
(2796, 29, 'update', '2025-08-13 23:05:34'),
(2797, 31, 'update', '2025-08-13 23:05:34'),
(2798, 33, 'update', '2025-08-13 23:05:34'),
(2799, 36, 'update', '2025-08-13 23:05:34'),
(2800, 38, 'update', '2025-08-13 23:05:34'),
(2801, 41, 'update', '2025-08-13 23:05:34'),
(2802, 43, 'update', '2025-08-13 23:05:34'),
(2803, 44, 'update', '2025-08-13 23:05:34'),
(2804, 1, 'update', '2025-08-13 23:05:35'),
(2805, 2, 'update', '2025-08-13 23:05:35'),
(2806, 6, 'update', '2025-08-13 23:05:35'),
(2807, 8, 'update', '2025-08-13 23:05:35'),
(2808, 10, 'update', '2025-08-13 23:05:35'),
(2809, 13, 'update', '2025-08-13 23:05:35'),
(2810, 14, 'update', '2025-08-13 23:05:35'),
(2811, 15, 'update', '2025-08-13 23:05:35'),
(2812, 17, 'update', '2025-08-13 23:05:35'),
(2813, 19, 'update', '2025-08-13 23:05:35'),
(2814, 23, 'update', '2025-08-13 23:05:35'),
(2815, 25, 'update', '2025-08-13 23:05:35'),
(2816, 27, 'update', '2025-08-13 23:05:35'),
(2817, 30, 'update', '2025-08-13 23:05:35'),
(2818, 32, 'update', '2025-08-13 23:05:35'),
(2819, 34, 'update', '2025-08-13 23:05:35'),
(2820, 35, 'update', '2025-08-13 23:05:35'),
(2821, 37, 'update', '2025-08-13 23:05:35'),
(2822, 39, 'update', '2025-08-13 23:05:35'),
(2823, 40, 'update', '2025-08-13 23:05:35'),
(2824, 42, 'update', '2025-08-13 23:05:35'),
(2825, 45, 'update', '2025-08-13 23:05:35'),
(2826, 46, 'update', '2025-08-13 23:05:35'),
(2827, 1, 'update', '2025-08-13 23:05:36'),
(2828, 2, 'update', '2025-08-13 23:05:36'),
(2829, 6, 'update', '2025-08-13 23:05:36'),
(2830, 8, 'update', '2025-08-13 23:05:36'),
(2831, 10, 'update', '2025-08-13 23:05:36'),
(2832, 13, 'update', '2025-08-13 23:05:36'),
(2833, 14, 'update', '2025-08-13 23:05:36'),
(2834, 15, 'update', '2025-08-13 23:05:36'),
(2835, 17, 'update', '2025-08-13 23:05:36'),
(2836, 19, 'update', '2025-08-13 23:05:36'),
(2837, 23, 'update', '2025-08-13 23:05:36'),
(2838, 25, 'update', '2025-08-13 23:05:36'),
(2839, 27, 'update', '2025-08-13 23:05:36'),
(2840, 30, 'update', '2025-08-13 23:05:36'),
(2841, 32, 'update', '2025-08-13 23:05:36'),
(2842, 34, 'update', '2025-08-13 23:05:36'),
(2843, 35, 'update', '2025-08-13 23:05:36'),
(2844, 37, 'update', '2025-08-13 23:05:36'),
(2845, 39, 'update', '2025-08-13 23:05:36'),
(2846, 40, 'update', '2025-08-13 23:05:36'),
(2847, 42, 'update', '2025-08-13 23:05:36'),
(2848, 45, 'update', '2025-08-13 23:05:36'),
(2849, 46, 'update', '2025-08-13 23:05:36'),
(2850, 47, 'insert', '2025-08-13 23:05:39'),
(2851, 3, 'update', '2025-08-13 23:05:40'),
(2852, 4, 'update', '2025-08-13 23:05:40'),
(2853, 5, 'update', '2025-08-13 23:05:40'),
(2854, 7, 'update', '2025-08-13 23:05:40'),
(2855, 9, 'update', '2025-08-13 23:05:40'),
(2856, 11, 'update', '2025-08-13 23:05:40'),
(2857, 12, 'update', '2025-08-13 23:05:40'),
(2858, 16, 'update', '2025-08-13 23:05:40'),
(2859, 18, 'update', '2025-08-13 23:05:40'),
(2860, 20, 'update', '2025-08-13 23:05:40'),
(2861, 21, 'update', '2025-08-13 23:05:40'),
(2862, 22, 'update', '2025-08-13 23:05:40'),
(2863, 24, 'update', '2025-08-13 23:05:40'),
(2864, 26, 'update', '2025-08-13 23:05:40'),
(2865, 28, 'update', '2025-08-13 23:05:40'),
(2866, 29, 'update', '2025-08-13 23:05:40'),
(2867, 31, 'update', '2025-08-13 23:05:40'),
(2868, 33, 'update', '2025-08-13 23:05:40'),
(2869, 36, 'update', '2025-08-13 23:05:40'),
(2870, 38, 'update', '2025-08-13 23:05:40'),
(2871, 41, 'update', '2025-08-13 23:05:40'),
(2872, 43, 'update', '2025-08-13 23:05:40'),
(2873, 44, 'update', '2025-08-13 23:05:40'),
(2874, 47, 'update', '2025-08-13 23:05:40'),
(2875, 3, 'update', '2025-08-13 23:05:42'),
(2876, 4, 'update', '2025-08-13 23:05:42'),
(2877, 5, 'update', '2025-08-13 23:05:42'),
(2878, 7, 'update', '2025-08-13 23:05:42'),
(2879, 9, 'update', '2025-08-13 23:05:42'),
(2880, 11, 'update', '2025-08-13 23:05:42'),
(2881, 12, 'update', '2025-08-13 23:05:42'),
(2882, 16, 'update', '2025-08-13 23:05:42'),
(2883, 18, 'update', '2025-08-13 23:05:42'),
(2884, 20, 'update', '2025-08-13 23:05:42'),
(2885, 21, 'update', '2025-08-13 23:05:42'),
(2886, 22, 'update', '2025-08-13 23:05:42'),
(2887, 24, 'update', '2025-08-13 23:05:42'),
(2888, 26, 'update', '2025-08-13 23:05:42'),
(2889, 28, 'update', '2025-08-13 23:05:42'),
(2890, 29, 'update', '2025-08-13 23:05:42'),
(2891, 31, 'update', '2025-08-13 23:05:42'),
(2892, 33, 'update', '2025-08-13 23:05:42'),
(2893, 36, 'update', '2025-08-13 23:05:42'),
(2894, 38, 'update', '2025-08-13 23:05:42'),
(2895, 41, 'update', '2025-08-13 23:05:42'),
(2896, 43, 'update', '2025-08-13 23:05:42'),
(2897, 44, 'update', '2025-08-13 23:05:42'),
(2898, 47, 'update', '2025-08-13 23:05:42'),
(2899, 48, 'insert', '2025-08-13 23:05:45'),
(2900, 1, 'update', '2025-08-13 23:05:46'),
(2901, 2, 'update', '2025-08-13 23:05:46'),
(2902, 6, 'update', '2025-08-13 23:05:46'),
(2903, 8, 'update', '2025-08-13 23:05:46'),
(2904, 10, 'update', '2025-08-13 23:05:46'),
(2905, 13, 'update', '2025-08-13 23:05:46'),
(2906, 14, 'update', '2025-08-13 23:05:46'),
(2907, 15, 'update', '2025-08-13 23:05:46'),
(2908, 17, 'update', '2025-08-13 23:05:46'),
(2909, 19, 'update', '2025-08-13 23:05:46'),
(2910, 23, 'update', '2025-08-13 23:05:46'),
(2911, 25, 'update', '2025-08-13 23:05:46'),
(2912, 27, 'update', '2025-08-13 23:05:46'),
(2913, 30, 'update', '2025-08-13 23:05:46'),
(2914, 32, 'update', '2025-08-13 23:05:46'),
(2915, 34, 'update', '2025-08-13 23:05:46'),
(2916, 35, 'update', '2025-08-13 23:05:46'),
(2917, 37, 'update', '2025-08-13 23:05:46'),
(2918, 39, 'update', '2025-08-13 23:05:46'),
(2919, 40, 'update', '2025-08-13 23:05:46'),
(2920, 42, 'update', '2025-08-13 23:05:46'),
(2921, 45, 'update', '2025-08-13 23:05:46'),
(2922, 46, 'update', '2025-08-13 23:05:46'),
(2923, 48, 'update', '2025-08-13 23:05:46'),
(2924, 1, 'update', '2025-08-13 23:05:47'),
(2925, 2, 'update', '2025-08-13 23:05:47'),
(2926, 6, 'update', '2025-08-13 23:05:47'),
(2927, 8, 'update', '2025-08-13 23:05:47'),
(2928, 10, 'update', '2025-08-13 23:05:47'),
(2929, 13, 'update', '2025-08-13 23:05:47'),
(2930, 14, 'update', '2025-08-13 23:05:47'),
(2931, 15, 'update', '2025-08-13 23:05:47'),
(2932, 17, 'update', '2025-08-13 23:05:47'),
(2933, 19, 'update', '2025-08-13 23:05:47'),
(2934, 23, 'update', '2025-08-13 23:05:47'),
(2935, 25, 'update', '2025-08-13 23:05:47'),
(2936, 27, 'update', '2025-08-13 23:05:47'),
(2937, 30, 'update', '2025-08-13 23:05:47'),
(2938, 32, 'update', '2025-08-13 23:05:47'),
(2939, 34, 'update', '2025-08-13 23:05:47'),
(2940, 35, 'update', '2025-08-13 23:05:47'),
(2941, 37, 'update', '2025-08-13 23:05:47'),
(2942, 39, 'update', '2025-08-13 23:05:47'),
(2943, 40, 'update', '2025-08-13 23:05:47'),
(2944, 42, 'update', '2025-08-13 23:05:47'),
(2945, 45, 'update', '2025-08-13 23:05:47'),
(2946, 46, 'update', '2025-08-13 23:05:47'),
(2947, 48, 'update', '2025-08-13 23:05:47'),
(2948, 49, 'insert', '2025-08-13 23:05:49'),
(2949, 3, 'update', '2025-08-13 23:05:50'),
(2950, 4, 'update', '2025-08-13 23:05:50'),
(2951, 5, 'update', '2025-08-13 23:05:50'),
(2952, 7, 'update', '2025-08-13 23:05:50'),
(2953, 9, 'update', '2025-08-13 23:05:50'),
(2954, 11, 'update', '2025-08-13 23:05:50'),
(2955, 12, 'update', '2025-08-13 23:05:50'),
(2956, 16, 'update', '2025-08-13 23:05:50'),
(2957, 18, 'update', '2025-08-13 23:05:50'),
(2958, 20, 'update', '2025-08-13 23:05:50'),
(2959, 21, 'update', '2025-08-13 23:05:50'),
(2960, 22, 'update', '2025-08-13 23:05:50'),
(2961, 24, 'update', '2025-08-13 23:05:50'),
(2962, 26, 'update', '2025-08-13 23:05:50'),
(2963, 28, 'update', '2025-08-13 23:05:50'),
(2964, 29, 'update', '2025-08-13 23:05:50'),
(2965, 31, 'update', '2025-08-13 23:05:50'),
(2966, 33, 'update', '2025-08-13 23:05:50'),
(2967, 36, 'update', '2025-08-13 23:05:50'),
(2968, 38, 'update', '2025-08-13 23:05:50'),
(2969, 41, 'update', '2025-08-13 23:05:50'),
(2970, 43, 'update', '2025-08-13 23:05:50'),
(2971, 44, 'update', '2025-08-13 23:05:50'),
(2972, 47, 'update', '2025-08-13 23:05:50'),
(2973, 49, 'update', '2025-08-13 23:05:50'),
(2974, 3, 'update', '2025-08-13 23:05:50'),
(2975, 4, 'update', '2025-08-13 23:05:50'),
(2976, 5, 'update', '2025-08-13 23:05:50'),
(2977, 7, 'update', '2025-08-13 23:05:50'),
(2978, 9, 'update', '2025-08-13 23:05:50'),
(2979, 11, 'update', '2025-08-13 23:05:50'),
(2980, 12, 'update', '2025-08-13 23:05:50'),
(2981, 16, 'update', '2025-08-13 23:05:50'),
(2982, 18, 'update', '2025-08-13 23:05:50'),
(2983, 20, 'update', '2025-08-13 23:05:50'),
(2984, 21, 'update', '2025-08-13 23:05:50'),
(2985, 22, 'update', '2025-08-13 23:05:50'),
(2986, 24, 'update', '2025-08-13 23:05:50'),
(2987, 26, 'update', '2025-08-13 23:05:50'),
(2988, 28, 'update', '2025-08-13 23:05:50'),
(2989, 29, 'update', '2025-08-13 23:05:50'),
(2990, 31, 'update', '2025-08-13 23:05:50'),
(2991, 33, 'update', '2025-08-13 23:05:50'),
(2992, 36, 'update', '2025-08-13 23:05:50'),
(2993, 38, 'update', '2025-08-13 23:05:50'),
(2994, 41, 'update', '2025-08-13 23:05:50'),
(2995, 43, 'update', '2025-08-13 23:05:50'),
(2996, 44, 'update', '2025-08-13 23:05:50'),
(2997, 47, 'update', '2025-08-13 23:05:50'),
(2998, 49, 'update', '2025-08-13 23:05:50'),
(2999, 3, 'update', '2025-08-13 23:05:57'),
(3000, 4, 'update', '2025-08-13 23:05:57'),
(3001, 5, 'update', '2025-08-13 23:05:57'),
(3002, 7, 'update', '2025-08-13 23:05:57'),
(3003, 9, 'update', '2025-08-13 23:05:57'),
(3004, 11, 'update', '2025-08-13 23:05:57'),
(3005, 12, 'update', '2025-08-13 23:05:57'),
(3006, 16, 'update', '2025-08-13 23:05:57'),
(3007, 18, 'update', '2025-08-13 23:05:57'),
(3008, 20, 'update', '2025-08-13 23:05:57'),
(3009, 21, 'update', '2025-08-13 23:05:57'),
(3010, 22, 'update', '2025-08-13 23:05:57'),
(3011, 24, 'update', '2025-08-13 23:05:57'),
(3012, 26, 'update', '2025-08-13 23:05:57'),
(3013, 28, 'update', '2025-08-13 23:05:57'),
(3014, 29, 'update', '2025-08-13 23:05:57'),
(3015, 31, 'update', '2025-08-13 23:05:57'),
(3016, 33, 'update', '2025-08-13 23:05:57'),
(3017, 36, 'update', '2025-08-13 23:05:57'),
(3018, 38, 'update', '2025-08-13 23:05:57'),
(3019, 41, 'update', '2025-08-13 23:05:57'),
(3020, 43, 'update', '2025-08-13 23:05:57'),
(3021, 44, 'update', '2025-08-13 23:05:57'),
(3022, 47, 'update', '2025-08-13 23:05:57'),
(3023, 49, 'update', '2025-08-13 23:05:57'),
(3024, 3, 'update', '2025-08-13 23:06:05'),
(3025, 4, 'update', '2025-08-13 23:06:05'),
(3026, 5, 'update', '2025-08-13 23:06:05'),
(3027, 7, 'update', '2025-08-13 23:06:05'),
(3028, 9, 'update', '2025-08-13 23:06:05'),
(3029, 11, 'update', '2025-08-13 23:06:05'),
(3030, 12, 'update', '2025-08-13 23:06:05'),
(3031, 16, 'update', '2025-08-13 23:06:05'),
(3032, 18, 'update', '2025-08-13 23:06:05'),
(3033, 20, 'update', '2025-08-13 23:06:05'),
(3034, 21, 'update', '2025-08-13 23:06:05'),
(3035, 22, 'update', '2025-08-13 23:06:05'),
(3036, 24, 'update', '2025-08-13 23:06:05'),
(3037, 26, 'update', '2025-08-13 23:06:05'),
(3038, 28, 'update', '2025-08-13 23:06:05'),
(3039, 29, 'update', '2025-08-13 23:06:05'),
(3040, 31, 'update', '2025-08-13 23:06:05'),
(3041, 33, 'update', '2025-08-13 23:06:05'),
(3042, 36, 'update', '2025-08-13 23:06:05'),
(3043, 38, 'update', '2025-08-13 23:06:05'),
(3044, 41, 'update', '2025-08-13 23:06:05'),
(3045, 43, 'update', '2025-08-13 23:06:05'),
(3046, 44, 'update', '2025-08-13 23:06:05'),
(3047, 47, 'update', '2025-08-13 23:06:05'),
(3048, 49, 'update', '2025-08-13 23:06:05'),
(3049, 3, 'update', '2025-08-13 23:06:12'),
(3050, 4, 'update', '2025-08-13 23:06:12'),
(3051, 5, 'update', '2025-08-13 23:06:12'),
(3052, 7, 'update', '2025-08-13 23:06:12'),
(3053, 9, 'update', '2025-08-13 23:06:12'),
(3054, 11, 'update', '2025-08-13 23:06:12'),
(3055, 12, 'update', '2025-08-13 23:06:12'),
(3056, 16, 'update', '2025-08-13 23:06:12'),
(3057, 18, 'update', '2025-08-13 23:06:12'),
(3058, 20, 'update', '2025-08-13 23:06:12'),
(3059, 21, 'update', '2025-08-13 23:06:12'),
(3060, 22, 'update', '2025-08-13 23:06:12'),
(3061, 24, 'update', '2025-08-13 23:06:12'),
(3062, 26, 'update', '2025-08-13 23:06:12'),
(3063, 28, 'update', '2025-08-13 23:06:12'),
(3064, 29, 'update', '2025-08-13 23:06:12'),
(3065, 31, 'update', '2025-08-13 23:06:12'),
(3066, 33, 'update', '2025-08-13 23:06:12'),
(3067, 36, 'update', '2025-08-13 23:06:12'),
(3068, 38, 'update', '2025-08-13 23:06:12'),
(3069, 41, 'update', '2025-08-13 23:06:12'),
(3070, 43, 'update', '2025-08-13 23:06:12'),
(3071, 44, 'update', '2025-08-13 23:06:12'),
(3072, 47, 'update', '2025-08-13 23:06:12'),
(3073, 49, 'update', '2025-08-13 23:06:12'),
(3074, 3, 'update', '2025-08-13 23:06:13'),
(3075, 4, 'update', '2025-08-13 23:06:13'),
(3076, 5, 'update', '2025-08-13 23:06:13'),
(3077, 7, 'update', '2025-08-13 23:06:13'),
(3078, 9, 'update', '2025-08-13 23:06:13'),
(3079, 11, 'update', '2025-08-13 23:06:13'),
(3080, 12, 'update', '2025-08-13 23:06:13'),
(3081, 16, 'update', '2025-08-13 23:06:13'),
(3082, 18, 'update', '2025-08-13 23:06:13'),
(3083, 20, 'update', '2025-08-13 23:06:13'),
(3084, 21, 'update', '2025-08-13 23:06:13'),
(3085, 22, 'update', '2025-08-13 23:06:13'),
(3086, 24, 'update', '2025-08-13 23:06:13'),
(3087, 26, 'update', '2025-08-13 23:06:13'),
(3088, 28, 'update', '2025-08-13 23:06:13'),
(3089, 29, 'update', '2025-08-13 23:06:13'),
(3090, 31, 'update', '2025-08-13 23:06:13'),
(3091, 33, 'update', '2025-08-13 23:06:13'),
(3092, 36, 'update', '2025-08-13 23:06:13'),
(3093, 38, 'update', '2025-08-13 23:06:13'),
(3094, 41, 'update', '2025-08-13 23:06:13'),
(3095, 43, 'update', '2025-08-13 23:06:13'),
(3096, 44, 'update', '2025-08-13 23:06:13'),
(3097, 47, 'update', '2025-08-13 23:06:13'),
(3098, 49, 'update', '2025-08-13 23:06:13'),
(3099, 3, 'update', '2025-08-13 23:06:13'),
(3100, 4, 'update', '2025-08-13 23:06:13'),
(3101, 5, 'update', '2025-08-13 23:06:13'),
(3102, 7, 'update', '2025-08-13 23:06:13'),
(3103, 9, 'update', '2025-08-13 23:06:13'),
(3104, 11, 'update', '2025-08-13 23:06:13'),
(3105, 12, 'update', '2025-08-13 23:06:13'),
(3106, 16, 'update', '2025-08-13 23:06:13'),
(3107, 18, 'update', '2025-08-13 23:06:13'),
(3108, 20, 'update', '2025-08-13 23:06:13'),
(3109, 21, 'update', '2025-08-13 23:06:13'),
(3110, 22, 'update', '2025-08-13 23:06:13'),
(3111, 24, 'update', '2025-08-13 23:06:13'),
(3112, 26, 'update', '2025-08-13 23:06:13'),
(3113, 28, 'update', '2025-08-13 23:06:13'),
(3114, 29, 'update', '2025-08-13 23:06:13'),
(3115, 31, 'update', '2025-08-13 23:06:13'),
(3116, 33, 'update', '2025-08-13 23:06:13'),
(3117, 36, 'update', '2025-08-13 23:06:13'),
(3118, 38, 'update', '2025-08-13 23:06:13'),
(3119, 41, 'update', '2025-08-13 23:06:13'),
(3120, 43, 'update', '2025-08-13 23:06:13'),
(3121, 44, 'update', '2025-08-13 23:06:13'),
(3122, 47, 'update', '2025-08-13 23:06:13'),
(3123, 49, 'update', '2025-08-13 23:06:13'),
(3124, 3, 'update', '2025-08-13 23:06:13'),
(3125, 4, 'update', '2025-08-13 23:06:13'),
(3126, 5, 'update', '2025-08-13 23:06:13'),
(3127, 7, 'update', '2025-08-13 23:06:13'),
(3128, 9, 'update', '2025-08-13 23:06:13'),
(3129, 11, 'update', '2025-08-13 23:06:13'),
(3130, 12, 'update', '2025-08-13 23:06:13'),
(3131, 16, 'update', '2025-08-13 23:06:13'),
(3132, 18, 'update', '2025-08-13 23:06:13'),
(3133, 20, 'update', '2025-08-13 23:06:13'),
(3134, 21, 'update', '2025-08-13 23:06:13'),
(3135, 22, 'update', '2025-08-13 23:06:13'),
(3136, 24, 'update', '2025-08-13 23:06:13'),
(3137, 26, 'update', '2025-08-13 23:06:13'),
(3138, 28, 'update', '2025-08-13 23:06:13'),
(3139, 29, 'update', '2025-08-13 23:06:13'),
(3140, 31, 'update', '2025-08-13 23:06:13'),
(3141, 33, 'update', '2025-08-13 23:06:13'),
(3142, 36, 'update', '2025-08-13 23:06:13'),
(3143, 38, 'update', '2025-08-13 23:06:13'),
(3144, 41, 'update', '2025-08-13 23:06:13'),
(3145, 43, 'update', '2025-08-13 23:06:13'),
(3146, 44, 'update', '2025-08-13 23:06:13'),
(3147, 47, 'update', '2025-08-13 23:06:13'),
(3148, 49, 'update', '2025-08-13 23:06:13'),
(3149, 3, 'update', '2025-08-13 23:06:13'),
(3150, 4, 'update', '2025-08-13 23:06:13'),
(3151, 5, 'update', '2025-08-13 23:06:13'),
(3152, 7, 'update', '2025-08-13 23:06:13'),
(3153, 9, 'update', '2025-08-13 23:06:13'),
(3154, 11, 'update', '2025-08-13 23:06:13'),
(3155, 12, 'update', '2025-08-13 23:06:13'),
(3156, 16, 'update', '2025-08-13 23:06:13'),
(3157, 18, 'update', '2025-08-13 23:06:13'),
(3158, 20, 'update', '2025-08-13 23:06:13'),
(3159, 21, 'update', '2025-08-13 23:06:13'),
(3160, 22, 'update', '2025-08-13 23:06:13'),
(3161, 24, 'update', '2025-08-13 23:06:13'),
(3162, 26, 'update', '2025-08-13 23:06:13'),
(3163, 28, 'update', '2025-08-13 23:06:13'),
(3164, 29, 'update', '2025-08-13 23:06:13'),
(3165, 31, 'update', '2025-08-13 23:06:13'),
(3166, 33, 'update', '2025-08-13 23:06:13'),
(3167, 36, 'update', '2025-08-13 23:06:13'),
(3168, 38, 'update', '2025-08-13 23:06:13'),
(3169, 41, 'update', '2025-08-13 23:06:13'),
(3170, 43, 'update', '2025-08-13 23:06:13'),
(3171, 44, 'update', '2025-08-13 23:06:13'),
(3172, 47, 'update', '2025-08-13 23:06:13'),
(3173, 49, 'update', '2025-08-13 23:06:13'),
(3174, 3, 'update', '2025-08-13 23:06:13'),
(3175, 4, 'update', '2025-08-13 23:06:13'),
(3176, 5, 'update', '2025-08-13 23:06:13'),
(3177, 7, 'update', '2025-08-13 23:06:13'),
(3178, 9, 'update', '2025-08-13 23:06:13'),
(3179, 11, 'update', '2025-08-13 23:06:13'),
(3180, 12, 'update', '2025-08-13 23:06:13'),
(3181, 16, 'update', '2025-08-13 23:06:13'),
(3182, 18, 'update', '2025-08-13 23:06:13'),
(3183, 20, 'update', '2025-08-13 23:06:13'),
(3184, 21, 'update', '2025-08-13 23:06:13'),
(3185, 22, 'update', '2025-08-13 23:06:13'),
(3186, 24, 'update', '2025-08-13 23:06:13'),
(3187, 26, 'update', '2025-08-13 23:06:13'),
(3188, 28, 'update', '2025-08-13 23:06:13'),
(3189, 29, 'update', '2025-08-13 23:06:13'),
(3190, 31, 'update', '2025-08-13 23:06:13'),
(3191, 33, 'update', '2025-08-13 23:06:13'),
(3192, 36, 'update', '2025-08-13 23:06:13'),
(3193, 38, 'update', '2025-08-13 23:06:13'),
(3194, 41, 'update', '2025-08-13 23:06:13'),
(3195, 43, 'update', '2025-08-13 23:06:13'),
(3196, 44, 'update', '2025-08-13 23:06:13'),
(3197, 47, 'update', '2025-08-13 23:06:13'),
(3198, 49, 'update', '2025-08-13 23:06:13'),
(3199, 3, 'update', '2025-08-13 23:06:13'),
(3200, 4, 'update', '2025-08-13 23:06:13'),
(3201, 5, 'update', '2025-08-13 23:06:13'),
(3202, 7, 'update', '2025-08-13 23:06:13'),
(3203, 9, 'update', '2025-08-13 23:06:13'),
(3204, 11, 'update', '2025-08-13 23:06:13'),
(3205, 12, 'update', '2025-08-13 23:06:13'),
(3206, 16, 'update', '2025-08-13 23:06:13'),
(3207, 18, 'update', '2025-08-13 23:06:13'),
(3208, 20, 'update', '2025-08-13 23:06:13'),
(3209, 21, 'update', '2025-08-13 23:06:13'),
(3210, 22, 'update', '2025-08-13 23:06:13'),
(3211, 24, 'update', '2025-08-13 23:06:13'),
(3212, 26, 'update', '2025-08-13 23:06:13'),
(3213, 28, 'update', '2025-08-13 23:06:13'),
(3214, 29, 'update', '2025-08-13 23:06:13'),
(3215, 31, 'update', '2025-08-13 23:06:13'),
(3216, 33, 'update', '2025-08-13 23:06:13'),
(3217, 36, 'update', '2025-08-13 23:06:13'),
(3218, 38, 'update', '2025-08-13 23:06:13'),
(3219, 41, 'update', '2025-08-13 23:06:13'),
(3220, 43, 'update', '2025-08-13 23:06:13'),
(3221, 44, 'update', '2025-08-13 23:06:13'),
(3222, 47, 'update', '2025-08-13 23:06:13'),
(3223, 49, 'update', '2025-08-13 23:06:13'),
(3224, 3, 'update', '2025-08-13 23:06:13'),
(3225, 4, 'update', '2025-08-13 23:06:13'),
(3226, 5, 'update', '2025-08-13 23:06:13'),
(3227, 7, 'update', '2025-08-13 23:06:13'),
(3228, 9, 'update', '2025-08-13 23:06:13'),
(3229, 11, 'update', '2025-08-13 23:06:13'),
(3230, 12, 'update', '2025-08-13 23:06:13'),
(3231, 16, 'update', '2025-08-13 23:06:13'),
(3232, 18, 'update', '2025-08-13 23:06:13'),
(3233, 20, 'update', '2025-08-13 23:06:13'),
(3234, 21, 'update', '2025-08-13 23:06:13'),
(3235, 22, 'update', '2025-08-13 23:06:13'),
(3236, 24, 'update', '2025-08-13 23:06:13'),
(3237, 26, 'update', '2025-08-13 23:06:13'),
(3238, 28, 'update', '2025-08-13 23:06:13'),
(3239, 29, 'update', '2025-08-13 23:06:13'),
(3240, 31, 'update', '2025-08-13 23:06:13'),
(3241, 33, 'update', '2025-08-13 23:06:13'),
(3242, 36, 'update', '2025-08-13 23:06:13'),
(3243, 38, 'update', '2025-08-13 23:06:13'),
(3244, 41, 'update', '2025-08-13 23:06:13'),
(3245, 43, 'update', '2025-08-13 23:06:13'),
(3246, 44, 'update', '2025-08-13 23:06:13'),
(3247, 47, 'update', '2025-08-13 23:06:13'),
(3248, 49, 'update', '2025-08-13 23:06:13'),
(3249, 3, 'update', '2025-08-13 23:06:13'),
(3250, 4, 'update', '2025-08-13 23:06:13'),
(3251, 5, 'update', '2025-08-13 23:06:13'),
(3252, 7, 'update', '2025-08-13 23:06:13'),
(3253, 9, 'update', '2025-08-13 23:06:13'),
(3254, 11, 'update', '2025-08-13 23:06:13'),
(3255, 12, 'update', '2025-08-13 23:06:13'),
(3256, 16, 'update', '2025-08-13 23:06:13'),
(3257, 18, 'update', '2025-08-13 23:06:13'),
(3258, 20, 'update', '2025-08-13 23:06:13'),
(3259, 21, 'update', '2025-08-13 23:06:13'),
(3260, 22, 'update', '2025-08-13 23:06:13'),
(3261, 24, 'update', '2025-08-13 23:06:13'),
(3262, 26, 'update', '2025-08-13 23:06:13'),
(3263, 28, 'update', '2025-08-13 23:06:13'),
(3264, 29, 'update', '2025-08-13 23:06:13'),
(3265, 31, 'update', '2025-08-13 23:06:13'),
(3266, 33, 'update', '2025-08-13 23:06:13'),
(3267, 36, 'update', '2025-08-13 23:06:13'),
(3268, 38, 'update', '2025-08-13 23:06:13'),
(3269, 41, 'update', '2025-08-13 23:06:13'),
(3270, 43, 'update', '2025-08-13 23:06:13'),
(3271, 44, 'update', '2025-08-13 23:06:13'),
(3272, 47, 'update', '2025-08-13 23:06:13'),
(3273, 49, 'update', '2025-08-13 23:06:13'),
(3274, 3, 'update', '2025-08-13 23:06:13'),
(3275, 4, 'update', '2025-08-13 23:06:13'),
(3276, 5, 'update', '2025-08-13 23:06:13'),
(3277, 7, 'update', '2025-08-13 23:06:13'),
(3278, 9, 'update', '2025-08-13 23:06:13'),
(3279, 11, 'update', '2025-08-13 23:06:13'),
(3280, 12, 'update', '2025-08-13 23:06:13'),
(3281, 16, 'update', '2025-08-13 23:06:13'),
(3282, 18, 'update', '2025-08-13 23:06:13'),
(3283, 20, 'update', '2025-08-13 23:06:13'),
(3284, 21, 'update', '2025-08-13 23:06:13'),
(3285, 22, 'update', '2025-08-13 23:06:13'),
(3286, 24, 'update', '2025-08-13 23:06:13'),
(3287, 26, 'update', '2025-08-13 23:06:13'),
(3288, 28, 'update', '2025-08-13 23:06:13'),
(3289, 29, 'update', '2025-08-13 23:06:13'),
(3290, 31, 'update', '2025-08-13 23:06:13'),
(3291, 33, 'update', '2025-08-13 23:06:13'),
(3292, 36, 'update', '2025-08-13 23:06:13'),
(3293, 38, 'update', '2025-08-13 23:06:13'),
(3294, 41, 'update', '2025-08-13 23:06:13'),
(3295, 43, 'update', '2025-08-13 23:06:13'),
(3296, 44, 'update', '2025-08-13 23:06:13'),
(3297, 47, 'update', '2025-08-13 23:06:13'),
(3298, 49, 'update', '2025-08-13 23:06:13'),
(3299, 3, 'update', '2025-08-13 23:06:13'),
(3300, 4, 'update', '2025-08-13 23:06:13'),
(3301, 5, 'update', '2025-08-13 23:06:13'),
(3302, 7, 'update', '2025-08-13 23:06:13'),
(3303, 9, 'update', '2025-08-13 23:06:13'),
(3304, 11, 'update', '2025-08-13 23:06:13'),
(3305, 12, 'update', '2025-08-13 23:06:13'),
(3306, 16, 'update', '2025-08-13 23:06:13'),
(3307, 18, 'update', '2025-08-13 23:06:13'),
(3308, 20, 'update', '2025-08-13 23:06:13'),
(3309, 21, 'update', '2025-08-13 23:06:13'),
(3310, 22, 'update', '2025-08-13 23:06:13'),
(3311, 24, 'update', '2025-08-13 23:06:13'),
(3312, 26, 'update', '2025-08-13 23:06:13'),
(3313, 28, 'update', '2025-08-13 23:06:13'),
(3314, 29, 'update', '2025-08-13 23:06:13'),
(3315, 31, 'update', '2025-08-13 23:06:13'),
(3316, 33, 'update', '2025-08-13 23:06:13'),
(3317, 36, 'update', '2025-08-13 23:06:13'),
(3318, 38, 'update', '2025-08-13 23:06:13'),
(3319, 41, 'update', '2025-08-13 23:06:13'),
(3320, 43, 'update', '2025-08-13 23:06:13'),
(3321, 44, 'update', '2025-08-13 23:06:13'),
(3322, 47, 'update', '2025-08-13 23:06:13'),
(3323, 49, 'update', '2025-08-13 23:06:13'),
(3324, 3, 'update', '2025-08-13 23:06:13'),
(3325, 4, 'update', '2025-08-13 23:06:13'),
(3326, 5, 'update', '2025-08-13 23:06:13'),
(3327, 7, 'update', '2025-08-13 23:06:13'),
(3328, 9, 'update', '2025-08-13 23:06:13'),
(3329, 11, 'update', '2025-08-13 23:06:13'),
(3330, 12, 'update', '2025-08-13 23:06:13'),
(3331, 16, 'update', '2025-08-13 23:06:13'),
(3332, 18, 'update', '2025-08-13 23:06:13'),
(3333, 20, 'update', '2025-08-13 23:06:13'),
(3334, 21, 'update', '2025-08-13 23:06:13'),
(3335, 22, 'update', '2025-08-13 23:06:13'),
(3336, 24, 'update', '2025-08-13 23:06:13'),
(3337, 26, 'update', '2025-08-13 23:06:13'),
(3338, 28, 'update', '2025-08-13 23:06:13'),
(3339, 29, 'update', '2025-08-13 23:06:13'),
(3340, 31, 'update', '2025-08-13 23:06:13'),
(3341, 33, 'update', '2025-08-13 23:06:13'),
(3342, 36, 'update', '2025-08-13 23:06:13'),
(3343, 38, 'update', '2025-08-13 23:06:13'),
(3344, 41, 'update', '2025-08-13 23:06:13'),
(3345, 43, 'update', '2025-08-13 23:06:13'),
(3346, 44, 'update', '2025-08-13 23:06:13'),
(3347, 47, 'update', '2025-08-13 23:06:13'),
(3348, 49, 'update', '2025-08-13 23:06:13'),
(3349, 3, 'update', '2025-08-13 23:06:13'),
(3350, 4, 'update', '2025-08-13 23:06:13'),
(3351, 5, 'update', '2025-08-13 23:06:13'),
(3352, 7, 'update', '2025-08-13 23:06:13'),
(3353, 9, 'update', '2025-08-13 23:06:13'),
(3354, 11, 'update', '2025-08-13 23:06:13'),
(3355, 12, 'update', '2025-08-13 23:06:13'),
(3356, 16, 'update', '2025-08-13 23:06:13'),
(3357, 18, 'update', '2025-08-13 23:06:13'),
(3358, 20, 'update', '2025-08-13 23:06:13'),
(3359, 21, 'update', '2025-08-13 23:06:13'),
(3360, 22, 'update', '2025-08-13 23:06:13'),
(3361, 24, 'update', '2025-08-13 23:06:13'),
(3362, 26, 'update', '2025-08-13 23:06:13'),
(3363, 28, 'update', '2025-08-13 23:06:13'),
(3364, 29, 'update', '2025-08-13 23:06:13'),
(3365, 31, 'update', '2025-08-13 23:06:13'),
(3366, 33, 'update', '2025-08-13 23:06:13'),
(3367, 36, 'update', '2025-08-13 23:06:13'),
(3368, 38, 'update', '2025-08-13 23:06:13'),
(3369, 41, 'update', '2025-08-13 23:06:13'),
(3370, 43, 'update', '2025-08-13 23:06:13'),
(3371, 44, 'update', '2025-08-13 23:06:13'),
(3372, 47, 'update', '2025-08-13 23:06:13'),
(3373, 49, 'update', '2025-08-13 23:06:13'),
(3374, 3, 'update', '2025-08-13 23:06:13'),
(3375, 4, 'update', '2025-08-13 23:06:13'),
(3376, 5, 'update', '2025-08-13 23:06:13'),
(3377, 7, 'update', '2025-08-13 23:06:13'),
(3378, 9, 'update', '2025-08-13 23:06:13'),
(3379, 11, 'update', '2025-08-13 23:06:13'),
(3380, 12, 'update', '2025-08-13 23:06:13'),
(3381, 16, 'update', '2025-08-13 23:06:13'),
(3382, 18, 'update', '2025-08-13 23:06:13'),
(3383, 20, 'update', '2025-08-13 23:06:13'),
(3384, 21, 'update', '2025-08-13 23:06:13'),
(3385, 22, 'update', '2025-08-13 23:06:13'),
(3386, 24, 'update', '2025-08-13 23:06:13'),
(3387, 26, 'update', '2025-08-13 23:06:13'),
(3388, 28, 'update', '2025-08-13 23:06:13'),
(3389, 29, 'update', '2025-08-13 23:06:13'),
(3390, 31, 'update', '2025-08-13 23:06:13'),
(3391, 33, 'update', '2025-08-13 23:06:13'),
(3392, 36, 'update', '2025-08-13 23:06:13'),
(3393, 38, 'update', '2025-08-13 23:06:13'),
(3394, 41, 'update', '2025-08-13 23:06:13'),
(3395, 43, 'update', '2025-08-13 23:06:13'),
(3396, 44, 'update', '2025-08-13 23:06:13'),
(3397, 47, 'update', '2025-08-13 23:06:13'),
(3398, 49, 'update', '2025-08-13 23:06:13'),
(3399, 3, 'update', '2025-08-13 23:06:13'),
(3400, 4, 'update', '2025-08-13 23:06:13'),
(3401, 5, 'update', '2025-08-13 23:06:13'),
(3402, 7, 'update', '2025-08-13 23:06:13'),
(3403, 9, 'update', '2025-08-13 23:06:13'),
(3404, 11, 'update', '2025-08-13 23:06:13'),
(3405, 12, 'update', '2025-08-13 23:06:13'),
(3406, 16, 'update', '2025-08-13 23:06:13'),
(3407, 18, 'update', '2025-08-13 23:06:13'),
(3408, 20, 'update', '2025-08-13 23:06:13'),
(3409, 21, 'update', '2025-08-13 23:06:13'),
(3410, 22, 'update', '2025-08-13 23:06:13'),
(3411, 24, 'update', '2025-08-13 23:06:13'),
(3412, 26, 'update', '2025-08-13 23:06:13'),
(3413, 28, 'update', '2025-08-13 23:06:13'),
(3414, 29, 'update', '2025-08-13 23:06:13'),
(3415, 31, 'update', '2025-08-13 23:06:13'),
(3416, 33, 'update', '2025-08-13 23:06:13'),
(3417, 36, 'update', '2025-08-13 23:06:13'),
(3418, 38, 'update', '2025-08-13 23:06:13'),
(3419, 41, 'update', '2025-08-13 23:06:13'),
(3420, 43, 'update', '2025-08-13 23:06:13'),
(3421, 44, 'update', '2025-08-13 23:06:13'),
(3422, 47, 'update', '2025-08-13 23:06:13'),
(3423, 49, 'update', '2025-08-13 23:06:13'),
(3424, 3, 'update', '2025-08-13 23:06:13'),
(3425, 4, 'update', '2025-08-13 23:06:13'),
(3426, 5, 'update', '2025-08-13 23:06:13'),
(3427, 7, 'update', '2025-08-13 23:06:13'),
(3428, 9, 'update', '2025-08-13 23:06:13'),
(3429, 11, 'update', '2025-08-13 23:06:13'),
(3430, 12, 'update', '2025-08-13 23:06:13'),
(3431, 16, 'update', '2025-08-13 23:06:13'),
(3432, 18, 'update', '2025-08-13 23:06:13'),
(3433, 20, 'update', '2025-08-13 23:06:13'),
(3434, 21, 'update', '2025-08-13 23:06:13'),
(3435, 22, 'update', '2025-08-13 23:06:13'),
(3436, 24, 'update', '2025-08-13 23:06:13'),
(3437, 26, 'update', '2025-08-13 23:06:13'),
(3438, 28, 'update', '2025-08-13 23:06:13'),
(3439, 29, 'update', '2025-08-13 23:06:13'),
(3440, 31, 'update', '2025-08-13 23:06:13'),
(3441, 33, 'update', '2025-08-13 23:06:13'),
(3442, 36, 'update', '2025-08-13 23:06:13'),
(3443, 38, 'update', '2025-08-13 23:06:13'),
(3444, 41, 'update', '2025-08-13 23:06:13'),
(3445, 43, 'update', '2025-08-13 23:06:13'),
(3446, 44, 'update', '2025-08-13 23:06:13'),
(3447, 47, 'update', '2025-08-13 23:06:13'),
(3448, 49, 'update', '2025-08-13 23:06:13'),
(3449, 3, 'update', '2025-08-13 23:06:13'),
(3450, 4, 'update', '2025-08-13 23:06:13'),
(3451, 5, 'update', '2025-08-13 23:06:13'),
(3452, 7, 'update', '2025-08-13 23:06:13'),
(3453, 9, 'update', '2025-08-13 23:06:13'),
(3454, 11, 'update', '2025-08-13 23:06:13'),
(3455, 12, 'update', '2025-08-13 23:06:13'),
(3456, 16, 'update', '2025-08-13 23:06:13'),
(3457, 18, 'update', '2025-08-13 23:06:13'),
(3458, 20, 'update', '2025-08-13 23:06:13'),
(3459, 21, 'update', '2025-08-13 23:06:13'),
(3460, 22, 'update', '2025-08-13 23:06:13'),
(3461, 24, 'update', '2025-08-13 23:06:13'),
(3462, 26, 'update', '2025-08-13 23:06:13'),
(3463, 28, 'update', '2025-08-13 23:06:13'),
(3464, 29, 'update', '2025-08-13 23:06:13'),
(3465, 31, 'update', '2025-08-13 23:06:13'),
(3466, 33, 'update', '2025-08-13 23:06:13'),
(3467, 36, 'update', '2025-08-13 23:06:13'),
(3468, 38, 'update', '2025-08-13 23:06:13'),
(3469, 41, 'update', '2025-08-13 23:06:13'),
(3470, 43, 'update', '2025-08-13 23:06:13'),
(3471, 44, 'update', '2025-08-13 23:06:13'),
(3472, 47, 'update', '2025-08-13 23:06:13'),
(3473, 49, 'update', '2025-08-13 23:06:13'),
(3474, 3, 'update', '2025-08-13 23:06:13'),
(3475, 4, 'update', '2025-08-13 23:06:13'),
(3476, 5, 'update', '2025-08-13 23:06:13'),
(3477, 7, 'update', '2025-08-13 23:06:13'),
(3478, 9, 'update', '2025-08-13 23:06:13'),
(3479, 11, 'update', '2025-08-13 23:06:13'),
(3480, 12, 'update', '2025-08-13 23:06:13'),
(3481, 16, 'update', '2025-08-13 23:06:13'),
(3482, 18, 'update', '2025-08-13 23:06:13'),
(3483, 20, 'update', '2025-08-13 23:06:13'),
(3484, 21, 'update', '2025-08-13 23:06:13'),
(3485, 22, 'update', '2025-08-13 23:06:13'),
(3486, 24, 'update', '2025-08-13 23:06:13'),
(3487, 26, 'update', '2025-08-13 23:06:13'),
(3488, 28, 'update', '2025-08-13 23:06:13'),
(3489, 29, 'update', '2025-08-13 23:06:13'),
(3490, 31, 'update', '2025-08-13 23:06:13'),
(3491, 33, 'update', '2025-08-13 23:06:13'),
(3492, 36, 'update', '2025-08-13 23:06:13'),
(3493, 38, 'update', '2025-08-13 23:06:13'),
(3494, 41, 'update', '2025-08-13 23:06:13'),
(3495, 43, 'update', '2025-08-13 23:06:13'),
(3496, 44, 'update', '2025-08-13 23:06:13'),
(3497, 47, 'update', '2025-08-13 23:06:13'),
(3498, 49, 'update', '2025-08-13 23:06:13'),
(3499, 3, 'update', '2025-08-13 23:06:13'),
(3500, 4, 'update', '2025-08-13 23:06:13'),
(3501, 5, 'update', '2025-08-13 23:06:13'),
(3502, 7, 'update', '2025-08-13 23:06:13'),
(3503, 9, 'update', '2025-08-13 23:06:13'),
(3504, 11, 'update', '2025-08-13 23:06:13'),
(3505, 12, 'update', '2025-08-13 23:06:13'),
(3506, 16, 'update', '2025-08-13 23:06:13'),
(3507, 18, 'update', '2025-08-13 23:06:13'),
(3508, 20, 'update', '2025-08-13 23:06:13'),
(3509, 21, 'update', '2025-08-13 23:06:13'),
(3510, 22, 'update', '2025-08-13 23:06:13'),
(3511, 24, 'update', '2025-08-13 23:06:13'),
(3512, 26, 'update', '2025-08-13 23:06:13'),
(3513, 28, 'update', '2025-08-13 23:06:13'),
(3514, 29, 'update', '2025-08-13 23:06:13'),
(3515, 31, 'update', '2025-08-13 23:06:13'),
(3516, 33, 'update', '2025-08-13 23:06:13'),
(3517, 36, 'update', '2025-08-13 23:06:13'),
(3518, 38, 'update', '2025-08-13 23:06:13'),
(3519, 41, 'update', '2025-08-13 23:06:13'),
(3520, 43, 'update', '2025-08-13 23:06:13'),
(3521, 44, 'update', '2025-08-13 23:06:13'),
(3522, 47, 'update', '2025-08-13 23:06:13'),
(3523, 49, 'update', '2025-08-13 23:06:13'),
(3524, 50, 'insert', '2025-08-13 23:06:15'),
(3525, 1, 'update', '2025-08-13 23:06:17'),
(3526, 2, 'update', '2025-08-13 23:06:17'),
(3527, 6, 'update', '2025-08-13 23:06:17'),
(3528, 8, 'update', '2025-08-13 23:06:17'),
(3529, 10, 'update', '2025-08-13 23:06:17'),
(3530, 13, 'update', '2025-08-13 23:06:17'),
(3531, 14, 'update', '2025-08-13 23:06:17'),
(3532, 15, 'update', '2025-08-13 23:06:17'),
(3533, 17, 'update', '2025-08-13 23:06:17'),
(3534, 19, 'update', '2025-08-13 23:06:17'),
(3535, 23, 'update', '2025-08-13 23:06:17');
INSERT INTO `messages_log` (`log_id`, `message_id`, `action`, `action_at`) VALUES
(3536, 25, 'update', '2025-08-13 23:06:17'),
(3537, 27, 'update', '2025-08-13 23:06:17'),
(3538, 30, 'update', '2025-08-13 23:06:17'),
(3539, 32, 'update', '2025-08-13 23:06:17'),
(3540, 34, 'update', '2025-08-13 23:06:17'),
(3541, 35, 'update', '2025-08-13 23:06:17'),
(3542, 37, 'update', '2025-08-13 23:06:17'),
(3543, 39, 'update', '2025-08-13 23:06:17'),
(3544, 40, 'update', '2025-08-13 23:06:17'),
(3545, 42, 'update', '2025-08-13 23:06:17'),
(3546, 45, 'update', '2025-08-13 23:06:17'),
(3547, 46, 'update', '2025-08-13 23:06:17'),
(3548, 48, 'update', '2025-08-13 23:06:17'),
(3549, 50, 'update', '2025-08-13 23:06:17'),
(3550, 3, 'update', '2025-08-13 23:06:17'),
(3551, 4, 'update', '2025-08-13 23:06:17'),
(3552, 5, 'update', '2025-08-13 23:06:17'),
(3553, 7, 'update', '2025-08-13 23:06:17'),
(3554, 9, 'update', '2025-08-13 23:06:17'),
(3555, 11, 'update', '2025-08-13 23:06:17'),
(3556, 12, 'update', '2025-08-13 23:06:17'),
(3557, 16, 'update', '2025-08-13 23:06:17'),
(3558, 18, 'update', '2025-08-13 23:06:17'),
(3559, 20, 'update', '2025-08-13 23:06:17'),
(3560, 21, 'update', '2025-08-13 23:06:17'),
(3561, 22, 'update', '2025-08-13 23:06:17'),
(3562, 24, 'update', '2025-08-13 23:06:17'),
(3563, 26, 'update', '2025-08-13 23:06:17'),
(3564, 28, 'update', '2025-08-13 23:06:17'),
(3565, 29, 'update', '2025-08-13 23:06:17'),
(3566, 31, 'update', '2025-08-13 23:06:17'),
(3567, 33, 'update', '2025-08-13 23:06:17'),
(3568, 36, 'update', '2025-08-13 23:06:17'),
(3569, 38, 'update', '2025-08-13 23:06:17'),
(3570, 41, 'update', '2025-08-13 23:06:17'),
(3571, 43, 'update', '2025-08-13 23:06:17'),
(3572, 44, 'update', '2025-08-13 23:06:17'),
(3573, 47, 'update', '2025-08-13 23:06:17'),
(3574, 49, 'update', '2025-08-13 23:06:17'),
(3575, 1, 'update', '2025-08-13 23:06:19'),
(3576, 2, 'update', '2025-08-13 23:06:19'),
(3577, 6, 'update', '2025-08-13 23:06:19'),
(3578, 8, 'update', '2025-08-13 23:06:19'),
(3579, 10, 'update', '2025-08-13 23:06:19'),
(3580, 13, 'update', '2025-08-13 23:06:19'),
(3581, 14, 'update', '2025-08-13 23:06:19'),
(3582, 15, 'update', '2025-08-13 23:06:19'),
(3583, 17, 'update', '2025-08-13 23:06:19'),
(3584, 19, 'update', '2025-08-13 23:06:19'),
(3585, 23, 'update', '2025-08-13 23:06:19'),
(3586, 25, 'update', '2025-08-13 23:06:19'),
(3587, 27, 'update', '2025-08-13 23:06:19'),
(3588, 30, 'update', '2025-08-13 23:06:19'),
(3589, 32, 'update', '2025-08-13 23:06:19'),
(3590, 34, 'update', '2025-08-13 23:06:19'),
(3591, 35, 'update', '2025-08-13 23:06:19'),
(3592, 37, 'update', '2025-08-13 23:06:19'),
(3593, 39, 'update', '2025-08-13 23:06:19'),
(3594, 40, 'update', '2025-08-13 23:06:19'),
(3595, 42, 'update', '2025-08-13 23:06:19'),
(3596, 45, 'update', '2025-08-13 23:06:19'),
(3597, 46, 'update', '2025-08-13 23:06:19'),
(3598, 48, 'update', '2025-08-13 23:06:19'),
(3599, 50, 'update', '2025-08-13 23:06:19'),
(3600, 51, 'insert', '2025-08-13 23:06:26'),
(3601, 3, 'update', '2025-08-13 23:06:27'),
(3602, 4, 'update', '2025-08-13 23:06:27'),
(3603, 5, 'update', '2025-08-13 23:06:27'),
(3604, 7, 'update', '2025-08-13 23:06:27'),
(3605, 9, 'update', '2025-08-13 23:06:27'),
(3606, 11, 'update', '2025-08-13 23:06:27'),
(3607, 12, 'update', '2025-08-13 23:06:27'),
(3608, 16, 'update', '2025-08-13 23:06:27'),
(3609, 18, 'update', '2025-08-13 23:06:27'),
(3610, 20, 'update', '2025-08-13 23:06:27'),
(3611, 21, 'update', '2025-08-13 23:06:27'),
(3612, 22, 'update', '2025-08-13 23:06:27'),
(3613, 24, 'update', '2025-08-13 23:06:27'),
(3614, 26, 'update', '2025-08-13 23:06:27'),
(3615, 28, 'update', '2025-08-13 23:06:27'),
(3616, 29, 'update', '2025-08-13 23:06:27'),
(3617, 31, 'update', '2025-08-13 23:06:27'),
(3618, 33, 'update', '2025-08-13 23:06:27'),
(3619, 36, 'update', '2025-08-13 23:06:27'),
(3620, 38, 'update', '2025-08-13 23:06:27'),
(3621, 41, 'update', '2025-08-13 23:06:27'),
(3622, 43, 'update', '2025-08-13 23:06:27'),
(3623, 44, 'update', '2025-08-13 23:06:27'),
(3624, 47, 'update', '2025-08-13 23:06:27'),
(3625, 49, 'update', '2025-08-13 23:06:27'),
(3626, 51, 'update', '2025-08-13 23:06:27'),
(3627, 3, 'update', '2025-08-13 23:06:28'),
(3628, 4, 'update', '2025-08-13 23:06:28'),
(3629, 5, 'update', '2025-08-13 23:06:28'),
(3630, 7, 'update', '2025-08-13 23:06:28'),
(3631, 9, 'update', '2025-08-13 23:06:28'),
(3632, 11, 'update', '2025-08-13 23:06:28'),
(3633, 12, 'update', '2025-08-13 23:06:28'),
(3634, 16, 'update', '2025-08-13 23:06:28'),
(3635, 18, 'update', '2025-08-13 23:06:28'),
(3636, 20, 'update', '2025-08-13 23:06:28'),
(3637, 21, 'update', '2025-08-13 23:06:28'),
(3638, 22, 'update', '2025-08-13 23:06:28'),
(3639, 24, 'update', '2025-08-13 23:06:28'),
(3640, 26, 'update', '2025-08-13 23:06:28'),
(3641, 28, 'update', '2025-08-13 23:06:28'),
(3642, 29, 'update', '2025-08-13 23:06:28'),
(3643, 31, 'update', '2025-08-13 23:06:28'),
(3644, 33, 'update', '2025-08-13 23:06:28'),
(3645, 36, 'update', '2025-08-13 23:06:28'),
(3646, 38, 'update', '2025-08-13 23:06:28'),
(3647, 41, 'update', '2025-08-13 23:06:28'),
(3648, 43, 'update', '2025-08-13 23:06:28'),
(3649, 44, 'update', '2025-08-13 23:06:28'),
(3650, 47, 'update', '2025-08-13 23:06:28'),
(3651, 49, 'update', '2025-08-13 23:06:28'),
(3652, 51, 'update', '2025-08-13 23:06:28'),
(3653, 52, 'insert', '2025-08-13 23:06:29'),
(3654, 1, 'update', '2025-08-13 23:06:31'),
(3655, 2, 'update', '2025-08-13 23:06:31'),
(3656, 6, 'update', '2025-08-13 23:06:31'),
(3657, 8, 'update', '2025-08-13 23:06:31'),
(3658, 10, 'update', '2025-08-13 23:06:31'),
(3659, 13, 'update', '2025-08-13 23:06:31'),
(3660, 14, 'update', '2025-08-13 23:06:31'),
(3661, 15, 'update', '2025-08-13 23:06:31'),
(3662, 17, 'update', '2025-08-13 23:06:31'),
(3663, 19, 'update', '2025-08-13 23:06:31'),
(3664, 23, 'update', '2025-08-13 23:06:31'),
(3665, 25, 'update', '2025-08-13 23:06:31'),
(3666, 27, 'update', '2025-08-13 23:06:31'),
(3667, 30, 'update', '2025-08-13 23:06:31'),
(3668, 32, 'update', '2025-08-13 23:06:31'),
(3669, 34, 'update', '2025-08-13 23:06:31'),
(3670, 35, 'update', '2025-08-13 23:06:31'),
(3671, 37, 'update', '2025-08-13 23:06:31'),
(3672, 39, 'update', '2025-08-13 23:06:31'),
(3673, 40, 'update', '2025-08-13 23:06:31'),
(3674, 42, 'update', '2025-08-13 23:06:31'),
(3675, 45, 'update', '2025-08-13 23:06:31'),
(3676, 46, 'update', '2025-08-13 23:06:31'),
(3677, 48, 'update', '2025-08-13 23:06:31'),
(3678, 50, 'update', '2025-08-13 23:06:31'),
(3679, 52, 'update', '2025-08-13 23:06:31'),
(3680, 1, 'update', '2025-08-13 23:06:33'),
(3681, 2, 'update', '2025-08-13 23:06:33'),
(3682, 6, 'update', '2025-08-13 23:06:33'),
(3683, 8, 'update', '2025-08-13 23:06:33'),
(3684, 10, 'update', '2025-08-13 23:06:33'),
(3685, 13, 'update', '2025-08-13 23:06:33'),
(3686, 14, 'update', '2025-08-13 23:06:33'),
(3687, 15, 'update', '2025-08-13 23:06:33'),
(3688, 17, 'update', '2025-08-13 23:06:33'),
(3689, 19, 'update', '2025-08-13 23:06:33'),
(3690, 23, 'update', '2025-08-13 23:06:33'),
(3691, 25, 'update', '2025-08-13 23:06:33'),
(3692, 27, 'update', '2025-08-13 23:06:33'),
(3693, 30, 'update', '2025-08-13 23:06:33'),
(3694, 32, 'update', '2025-08-13 23:06:33'),
(3695, 34, 'update', '2025-08-13 23:06:33'),
(3696, 35, 'update', '2025-08-13 23:06:33'),
(3697, 37, 'update', '2025-08-13 23:06:33'),
(3698, 39, 'update', '2025-08-13 23:06:33'),
(3699, 40, 'update', '2025-08-13 23:06:33'),
(3700, 42, 'update', '2025-08-13 23:06:33'),
(3701, 45, 'update', '2025-08-13 23:06:33'),
(3702, 46, 'update', '2025-08-13 23:06:33'),
(3703, 48, 'update', '2025-08-13 23:06:33'),
(3704, 50, 'update', '2025-08-13 23:06:33'),
(3705, 52, 'update', '2025-08-13 23:06:33'),
(3706, 53, 'insert', '2025-08-13 23:06:35'),
(3707, 3, 'update', '2025-08-13 23:06:35'),
(3708, 4, 'update', '2025-08-13 23:06:35'),
(3709, 5, 'update', '2025-08-13 23:06:35'),
(3710, 7, 'update', '2025-08-13 23:06:35'),
(3711, 9, 'update', '2025-08-13 23:06:35'),
(3712, 11, 'update', '2025-08-13 23:06:35'),
(3713, 12, 'update', '2025-08-13 23:06:35'),
(3714, 16, 'update', '2025-08-13 23:06:35'),
(3715, 18, 'update', '2025-08-13 23:06:35'),
(3716, 20, 'update', '2025-08-13 23:06:35'),
(3717, 21, 'update', '2025-08-13 23:06:35'),
(3718, 22, 'update', '2025-08-13 23:06:35'),
(3719, 24, 'update', '2025-08-13 23:06:35'),
(3720, 26, 'update', '2025-08-13 23:06:35'),
(3721, 28, 'update', '2025-08-13 23:06:35'),
(3722, 29, 'update', '2025-08-13 23:06:35'),
(3723, 31, 'update', '2025-08-13 23:06:35'),
(3724, 33, 'update', '2025-08-13 23:06:35'),
(3725, 36, 'update', '2025-08-13 23:06:35'),
(3726, 38, 'update', '2025-08-13 23:06:35'),
(3727, 41, 'update', '2025-08-13 23:06:35'),
(3728, 43, 'update', '2025-08-13 23:06:35'),
(3729, 44, 'update', '2025-08-13 23:06:35'),
(3730, 47, 'update', '2025-08-13 23:06:35'),
(3731, 49, 'update', '2025-08-13 23:06:35'),
(3732, 51, 'update', '2025-08-13 23:06:35'),
(3733, 53, 'update', '2025-08-13 23:06:35'),
(3734, 3, 'update', '2025-08-13 23:06:36'),
(3735, 4, 'update', '2025-08-13 23:06:36'),
(3736, 5, 'update', '2025-08-13 23:06:36'),
(3737, 7, 'update', '2025-08-13 23:06:36'),
(3738, 9, 'update', '2025-08-13 23:06:36'),
(3739, 11, 'update', '2025-08-13 23:06:36'),
(3740, 12, 'update', '2025-08-13 23:06:36'),
(3741, 16, 'update', '2025-08-13 23:06:36'),
(3742, 18, 'update', '2025-08-13 23:06:36'),
(3743, 20, 'update', '2025-08-13 23:06:36'),
(3744, 21, 'update', '2025-08-13 23:06:36'),
(3745, 22, 'update', '2025-08-13 23:06:36'),
(3746, 24, 'update', '2025-08-13 23:06:36'),
(3747, 26, 'update', '2025-08-13 23:06:36'),
(3748, 28, 'update', '2025-08-13 23:06:36'),
(3749, 29, 'update', '2025-08-13 23:06:36'),
(3750, 31, 'update', '2025-08-13 23:06:36'),
(3751, 33, 'update', '2025-08-13 23:06:36'),
(3752, 36, 'update', '2025-08-13 23:06:36'),
(3753, 38, 'update', '2025-08-13 23:06:36'),
(3754, 41, 'update', '2025-08-13 23:06:36'),
(3755, 43, 'update', '2025-08-13 23:06:36'),
(3756, 44, 'update', '2025-08-13 23:06:36'),
(3757, 47, 'update', '2025-08-13 23:06:36'),
(3758, 49, 'update', '2025-08-13 23:06:36'),
(3759, 51, 'update', '2025-08-13 23:06:36'),
(3760, 53, 'update', '2025-08-13 23:06:36'),
(3761, 54, 'insert', '2025-08-13 23:06:39'),
(3762, 1, 'update', '2025-08-13 23:06:39'),
(3763, 2, 'update', '2025-08-13 23:06:39'),
(3764, 6, 'update', '2025-08-13 23:06:39'),
(3765, 8, 'update', '2025-08-13 23:06:39'),
(3766, 10, 'update', '2025-08-13 23:06:39'),
(3767, 13, 'update', '2025-08-13 23:06:39'),
(3768, 14, 'update', '2025-08-13 23:06:39'),
(3769, 15, 'update', '2025-08-13 23:06:39'),
(3770, 17, 'update', '2025-08-13 23:06:39'),
(3771, 19, 'update', '2025-08-13 23:06:39'),
(3772, 23, 'update', '2025-08-13 23:06:39'),
(3773, 25, 'update', '2025-08-13 23:06:39'),
(3774, 27, 'update', '2025-08-13 23:06:39'),
(3775, 30, 'update', '2025-08-13 23:06:39'),
(3776, 32, 'update', '2025-08-13 23:06:39'),
(3777, 34, 'update', '2025-08-13 23:06:39'),
(3778, 35, 'update', '2025-08-13 23:06:39'),
(3779, 37, 'update', '2025-08-13 23:06:39'),
(3780, 39, 'update', '2025-08-13 23:06:39'),
(3781, 40, 'update', '2025-08-13 23:06:39'),
(3782, 42, 'update', '2025-08-13 23:06:39'),
(3783, 45, 'update', '2025-08-13 23:06:39'),
(3784, 46, 'update', '2025-08-13 23:06:39'),
(3785, 48, 'update', '2025-08-13 23:06:39'),
(3786, 50, 'update', '2025-08-13 23:06:39'),
(3787, 52, 'update', '2025-08-13 23:06:39'),
(3788, 54, 'update', '2025-08-13 23:06:39'),
(3789, 1, 'update', '2025-08-13 23:06:43'),
(3790, 2, 'update', '2025-08-13 23:06:43'),
(3791, 6, 'update', '2025-08-13 23:06:43'),
(3792, 8, 'update', '2025-08-13 23:06:43'),
(3793, 10, 'update', '2025-08-13 23:06:43'),
(3794, 13, 'update', '2025-08-13 23:06:43'),
(3795, 14, 'update', '2025-08-13 23:06:43'),
(3796, 15, 'update', '2025-08-13 23:06:43'),
(3797, 17, 'update', '2025-08-13 23:06:43'),
(3798, 19, 'update', '2025-08-13 23:06:43'),
(3799, 23, 'update', '2025-08-13 23:06:43'),
(3800, 25, 'update', '2025-08-13 23:06:43'),
(3801, 27, 'update', '2025-08-13 23:06:43'),
(3802, 30, 'update', '2025-08-13 23:06:43'),
(3803, 32, 'update', '2025-08-13 23:06:43'),
(3804, 34, 'update', '2025-08-13 23:06:43'),
(3805, 35, 'update', '2025-08-13 23:06:43'),
(3806, 37, 'update', '2025-08-13 23:06:43'),
(3807, 39, 'update', '2025-08-13 23:06:43'),
(3808, 40, 'update', '2025-08-13 23:06:43'),
(3809, 42, 'update', '2025-08-13 23:06:43'),
(3810, 45, 'update', '2025-08-13 23:06:43'),
(3811, 46, 'update', '2025-08-13 23:06:43'),
(3812, 48, 'update', '2025-08-13 23:06:43'),
(3813, 50, 'update', '2025-08-13 23:06:43'),
(3814, 52, 'update', '2025-08-13 23:06:43'),
(3815, 54, 'update', '2025-08-13 23:06:43'),
(3816, 55, 'insert', '2025-08-13 23:06:45'),
(3817, 3, 'update', '2025-08-13 23:06:47'),
(3818, 4, 'update', '2025-08-13 23:06:47'),
(3819, 5, 'update', '2025-08-13 23:06:47'),
(3820, 7, 'update', '2025-08-13 23:06:47'),
(3821, 9, 'update', '2025-08-13 23:06:47'),
(3822, 11, 'update', '2025-08-13 23:06:47'),
(3823, 12, 'update', '2025-08-13 23:06:47'),
(3824, 16, 'update', '2025-08-13 23:06:47'),
(3825, 18, 'update', '2025-08-13 23:06:47'),
(3826, 20, 'update', '2025-08-13 23:06:47'),
(3827, 21, 'update', '2025-08-13 23:06:47'),
(3828, 22, 'update', '2025-08-13 23:06:47'),
(3829, 24, 'update', '2025-08-13 23:06:47'),
(3830, 26, 'update', '2025-08-13 23:06:47'),
(3831, 28, 'update', '2025-08-13 23:06:47'),
(3832, 29, 'update', '2025-08-13 23:06:47'),
(3833, 31, 'update', '2025-08-13 23:06:47'),
(3834, 33, 'update', '2025-08-13 23:06:47'),
(3835, 36, 'update', '2025-08-13 23:06:47'),
(3836, 38, 'update', '2025-08-13 23:06:47'),
(3837, 41, 'update', '2025-08-13 23:06:47'),
(3838, 43, 'update', '2025-08-13 23:06:47'),
(3839, 44, 'update', '2025-08-13 23:06:47'),
(3840, 47, 'update', '2025-08-13 23:06:47'),
(3841, 49, 'update', '2025-08-13 23:06:47'),
(3842, 51, 'update', '2025-08-13 23:06:47'),
(3843, 53, 'update', '2025-08-13 23:06:47'),
(3844, 55, 'update', '2025-08-13 23:06:47'),
(3845, 3, 'update', '2025-08-13 23:06:47'),
(3846, 4, 'update', '2025-08-13 23:06:47'),
(3847, 5, 'update', '2025-08-13 23:06:47'),
(3848, 7, 'update', '2025-08-13 23:06:47'),
(3849, 9, 'update', '2025-08-13 23:06:47'),
(3850, 11, 'update', '2025-08-13 23:06:47'),
(3851, 12, 'update', '2025-08-13 23:06:47'),
(3852, 16, 'update', '2025-08-13 23:06:47'),
(3853, 18, 'update', '2025-08-13 23:06:47'),
(3854, 20, 'update', '2025-08-13 23:06:47'),
(3855, 21, 'update', '2025-08-13 23:06:47'),
(3856, 22, 'update', '2025-08-13 23:06:47'),
(3857, 24, 'update', '2025-08-13 23:06:47'),
(3858, 26, 'update', '2025-08-13 23:06:47'),
(3859, 28, 'update', '2025-08-13 23:06:47'),
(3860, 29, 'update', '2025-08-13 23:06:47'),
(3861, 31, 'update', '2025-08-13 23:06:47'),
(3862, 33, 'update', '2025-08-13 23:06:47'),
(3863, 36, 'update', '2025-08-13 23:06:47'),
(3864, 38, 'update', '2025-08-13 23:06:47'),
(3865, 41, 'update', '2025-08-13 23:06:47'),
(3866, 43, 'update', '2025-08-13 23:06:47'),
(3867, 44, 'update', '2025-08-13 23:06:47'),
(3868, 47, 'update', '2025-08-13 23:06:47'),
(3869, 49, 'update', '2025-08-13 23:06:47'),
(3870, 51, 'update', '2025-08-13 23:06:47'),
(3871, 53, 'update', '2025-08-13 23:06:47'),
(3872, 55, 'update', '2025-08-13 23:06:47'),
(3873, 56, 'insert', '2025-08-13 23:06:49'),
(3874, 1, 'update', '2025-08-13 23:06:53'),
(3875, 2, 'update', '2025-08-13 23:06:53'),
(3876, 6, 'update', '2025-08-13 23:06:53'),
(3877, 8, 'update', '2025-08-13 23:06:53'),
(3878, 10, 'update', '2025-08-13 23:06:53'),
(3879, 13, 'update', '2025-08-13 23:06:53'),
(3880, 14, 'update', '2025-08-13 23:06:53'),
(3881, 15, 'update', '2025-08-13 23:06:53'),
(3882, 17, 'update', '2025-08-13 23:06:53'),
(3883, 19, 'update', '2025-08-13 23:06:53'),
(3884, 23, 'update', '2025-08-13 23:06:53'),
(3885, 25, 'update', '2025-08-13 23:06:53'),
(3886, 27, 'update', '2025-08-13 23:06:53'),
(3887, 30, 'update', '2025-08-13 23:06:53'),
(3888, 32, 'update', '2025-08-13 23:06:53'),
(3889, 34, 'update', '2025-08-13 23:06:53'),
(3890, 35, 'update', '2025-08-13 23:06:53'),
(3891, 37, 'update', '2025-08-13 23:06:53'),
(3892, 39, 'update', '2025-08-13 23:06:53'),
(3893, 40, 'update', '2025-08-13 23:06:53'),
(3894, 42, 'update', '2025-08-13 23:06:53'),
(3895, 45, 'update', '2025-08-13 23:06:53'),
(3896, 46, 'update', '2025-08-13 23:06:53'),
(3897, 48, 'update', '2025-08-13 23:06:53'),
(3898, 50, 'update', '2025-08-13 23:06:53'),
(3899, 52, 'update', '2025-08-13 23:06:53'),
(3900, 54, 'update', '2025-08-13 23:06:53'),
(3901, 56, 'update', '2025-08-13 23:06:53'),
(3902, 1, 'update', '2025-08-13 23:06:53'),
(3903, 2, 'update', '2025-08-13 23:06:53'),
(3904, 6, 'update', '2025-08-13 23:06:53'),
(3905, 8, 'update', '2025-08-13 23:06:53'),
(3906, 10, 'update', '2025-08-13 23:06:53'),
(3907, 13, 'update', '2025-08-13 23:06:53'),
(3908, 14, 'update', '2025-08-13 23:06:53'),
(3909, 15, 'update', '2025-08-13 23:06:53'),
(3910, 17, 'update', '2025-08-13 23:06:53'),
(3911, 19, 'update', '2025-08-13 23:06:53'),
(3912, 23, 'update', '2025-08-13 23:06:53'),
(3913, 25, 'update', '2025-08-13 23:06:53'),
(3914, 27, 'update', '2025-08-13 23:06:53'),
(3915, 30, 'update', '2025-08-13 23:06:53'),
(3916, 32, 'update', '2025-08-13 23:06:53'),
(3917, 34, 'update', '2025-08-13 23:06:53'),
(3918, 35, 'update', '2025-08-13 23:06:53'),
(3919, 37, 'update', '2025-08-13 23:06:53'),
(3920, 39, 'update', '2025-08-13 23:06:53'),
(3921, 40, 'update', '2025-08-13 23:06:53'),
(3922, 42, 'update', '2025-08-13 23:06:53'),
(3923, 45, 'update', '2025-08-13 23:06:53'),
(3924, 46, 'update', '2025-08-13 23:06:53'),
(3925, 48, 'update', '2025-08-13 23:06:53'),
(3926, 50, 'update', '2025-08-13 23:06:53'),
(3927, 52, 'update', '2025-08-13 23:06:53'),
(3928, 54, 'update', '2025-08-13 23:06:53'),
(3929, 56, 'update', '2025-08-13 23:06:53'),
(3930, 57, 'insert', '2025-08-13 23:06:55'),
(3931, 3, 'update', '2025-08-13 23:06:56'),
(3932, 4, 'update', '2025-08-13 23:06:56'),
(3933, 5, 'update', '2025-08-13 23:06:56'),
(3934, 7, 'update', '2025-08-13 23:06:56'),
(3935, 9, 'update', '2025-08-13 23:06:56'),
(3936, 11, 'update', '2025-08-13 23:06:56'),
(3937, 12, 'update', '2025-08-13 23:06:56'),
(3938, 16, 'update', '2025-08-13 23:06:56'),
(3939, 18, 'update', '2025-08-13 23:06:56'),
(3940, 20, 'update', '2025-08-13 23:06:56'),
(3941, 21, 'update', '2025-08-13 23:06:56'),
(3942, 22, 'update', '2025-08-13 23:06:56'),
(3943, 24, 'update', '2025-08-13 23:06:56'),
(3944, 26, 'update', '2025-08-13 23:06:56'),
(3945, 28, 'update', '2025-08-13 23:06:56'),
(3946, 29, 'update', '2025-08-13 23:06:56'),
(3947, 31, 'update', '2025-08-13 23:06:56'),
(3948, 33, 'update', '2025-08-13 23:06:56'),
(3949, 36, 'update', '2025-08-13 23:06:56'),
(3950, 38, 'update', '2025-08-13 23:06:56'),
(3951, 41, 'update', '2025-08-13 23:06:56'),
(3952, 43, 'update', '2025-08-13 23:06:56'),
(3953, 44, 'update', '2025-08-13 23:06:56'),
(3954, 47, 'update', '2025-08-13 23:06:56'),
(3955, 49, 'update', '2025-08-13 23:06:56'),
(3956, 51, 'update', '2025-08-13 23:06:56'),
(3957, 53, 'update', '2025-08-13 23:06:56'),
(3958, 55, 'update', '2025-08-13 23:06:56'),
(3959, 57, 'update', '2025-08-13 23:06:56'),
(3960, 3, 'update', '2025-08-13 23:06:57'),
(3961, 4, 'update', '2025-08-13 23:06:57'),
(3962, 5, 'update', '2025-08-13 23:06:57'),
(3963, 7, 'update', '2025-08-13 23:06:57'),
(3964, 9, 'update', '2025-08-13 23:06:57'),
(3965, 11, 'update', '2025-08-13 23:06:57'),
(3966, 12, 'update', '2025-08-13 23:06:57'),
(3967, 16, 'update', '2025-08-13 23:06:57'),
(3968, 18, 'update', '2025-08-13 23:06:57'),
(3969, 20, 'update', '2025-08-13 23:06:57'),
(3970, 21, 'update', '2025-08-13 23:06:57'),
(3971, 22, 'update', '2025-08-13 23:06:57'),
(3972, 24, 'update', '2025-08-13 23:06:57'),
(3973, 26, 'update', '2025-08-13 23:06:57'),
(3974, 28, 'update', '2025-08-13 23:06:57'),
(3975, 29, 'update', '2025-08-13 23:06:57'),
(3976, 31, 'update', '2025-08-13 23:06:57'),
(3977, 33, 'update', '2025-08-13 23:06:57'),
(3978, 36, 'update', '2025-08-13 23:06:57'),
(3979, 38, 'update', '2025-08-13 23:06:57'),
(3980, 41, 'update', '2025-08-13 23:06:57'),
(3981, 43, 'update', '2025-08-13 23:06:57'),
(3982, 44, 'update', '2025-08-13 23:06:57'),
(3983, 47, 'update', '2025-08-13 23:06:57'),
(3984, 49, 'update', '2025-08-13 23:06:57'),
(3985, 51, 'update', '2025-08-13 23:06:57'),
(3986, 53, 'update', '2025-08-13 23:06:57'),
(3987, 55, 'update', '2025-08-13 23:06:57'),
(3988, 57, 'update', '2025-08-13 23:06:57'),
(3989, 3, 'update', '2025-08-13 23:18:00'),
(3990, 4, 'update', '2025-08-13 23:18:00'),
(3991, 5, 'update', '2025-08-13 23:18:00'),
(3992, 7, 'update', '2025-08-13 23:18:00'),
(3993, 9, 'update', '2025-08-13 23:18:00'),
(3994, 11, 'update', '2025-08-13 23:18:00'),
(3995, 12, 'update', '2025-08-13 23:18:00'),
(3996, 16, 'update', '2025-08-13 23:18:00'),
(3997, 18, 'update', '2025-08-13 23:18:00'),
(3998, 20, 'update', '2025-08-13 23:18:00'),
(3999, 21, 'update', '2025-08-13 23:18:00'),
(4000, 22, 'update', '2025-08-13 23:18:00'),
(4001, 24, 'update', '2025-08-13 23:18:00'),
(4002, 26, 'update', '2025-08-13 23:18:00'),
(4003, 28, 'update', '2025-08-13 23:18:00'),
(4004, 29, 'update', '2025-08-13 23:18:00'),
(4005, 31, 'update', '2025-08-13 23:18:00'),
(4006, 33, 'update', '2025-08-13 23:18:00'),
(4007, 36, 'update', '2025-08-13 23:18:00'),
(4008, 38, 'update', '2025-08-13 23:18:00'),
(4009, 41, 'update', '2025-08-13 23:18:00'),
(4010, 43, 'update', '2025-08-13 23:18:00'),
(4011, 44, 'update', '2025-08-13 23:18:00'),
(4012, 47, 'update', '2025-08-13 23:18:00'),
(4013, 49, 'update', '2025-08-13 23:18:00'),
(4014, 51, 'update', '2025-08-13 23:18:00'),
(4015, 53, 'update', '2025-08-13 23:18:00'),
(4016, 55, 'update', '2025-08-13 23:18:00'),
(4017, 57, 'update', '2025-08-13 23:18:00'),
(4018, 3, 'update', '2025-08-13 23:19:33'),
(4019, 4, 'update', '2025-08-13 23:19:33'),
(4020, 5, 'update', '2025-08-13 23:19:33'),
(4021, 7, 'update', '2025-08-13 23:19:33'),
(4022, 9, 'update', '2025-08-13 23:19:33'),
(4023, 11, 'update', '2025-08-13 23:19:33'),
(4024, 12, 'update', '2025-08-13 23:19:33'),
(4025, 16, 'update', '2025-08-13 23:19:33'),
(4026, 18, 'update', '2025-08-13 23:19:33'),
(4027, 20, 'update', '2025-08-13 23:19:33'),
(4028, 21, 'update', '2025-08-13 23:19:33'),
(4029, 22, 'update', '2025-08-13 23:19:33'),
(4030, 24, 'update', '2025-08-13 23:19:33'),
(4031, 26, 'update', '2025-08-13 23:19:33'),
(4032, 28, 'update', '2025-08-13 23:19:33'),
(4033, 29, 'update', '2025-08-13 23:19:33'),
(4034, 31, 'update', '2025-08-13 23:19:33'),
(4035, 33, 'update', '2025-08-13 23:19:33'),
(4036, 36, 'update', '2025-08-13 23:19:33'),
(4037, 38, 'update', '2025-08-13 23:19:33'),
(4038, 41, 'update', '2025-08-13 23:19:33'),
(4039, 43, 'update', '2025-08-13 23:19:33'),
(4040, 44, 'update', '2025-08-13 23:19:33'),
(4041, 47, 'update', '2025-08-13 23:19:33'),
(4042, 49, 'update', '2025-08-13 23:19:33'),
(4043, 51, 'update', '2025-08-13 23:19:33'),
(4044, 53, 'update', '2025-08-13 23:19:33'),
(4045, 55, 'update', '2025-08-13 23:19:33'),
(4046, 57, 'update', '2025-08-13 23:19:33'),
(4047, 1, 'update', '2025-08-13 23:19:36'),
(4048, 2, 'update', '2025-08-13 23:19:36'),
(4049, 6, 'update', '2025-08-13 23:19:36'),
(4050, 8, 'update', '2025-08-13 23:19:36'),
(4051, 10, 'update', '2025-08-13 23:19:36'),
(4052, 13, 'update', '2025-08-13 23:19:36'),
(4053, 14, 'update', '2025-08-13 23:19:36'),
(4054, 15, 'update', '2025-08-13 23:19:36'),
(4055, 17, 'update', '2025-08-13 23:19:36'),
(4056, 19, 'update', '2025-08-13 23:19:36'),
(4057, 23, 'update', '2025-08-13 23:19:36'),
(4058, 25, 'update', '2025-08-13 23:19:36'),
(4059, 27, 'update', '2025-08-13 23:19:36'),
(4060, 30, 'update', '2025-08-13 23:19:36'),
(4061, 32, 'update', '2025-08-13 23:19:36'),
(4062, 34, 'update', '2025-08-13 23:19:36'),
(4063, 35, 'update', '2025-08-13 23:19:36'),
(4064, 37, 'update', '2025-08-13 23:19:36'),
(4065, 39, 'update', '2025-08-13 23:19:36'),
(4066, 40, 'update', '2025-08-13 23:19:36'),
(4067, 42, 'update', '2025-08-13 23:19:36'),
(4068, 45, 'update', '2025-08-13 23:19:36'),
(4069, 46, 'update', '2025-08-13 23:19:36'),
(4070, 48, 'update', '2025-08-13 23:19:36'),
(4071, 50, 'update', '2025-08-13 23:19:36'),
(4072, 52, 'update', '2025-08-13 23:19:36'),
(4073, 54, 'update', '2025-08-13 23:19:36'),
(4074, 56, 'update', '2025-08-13 23:19:36'),
(4075, 3, 'update', '2025-08-14 14:06:25'),
(4076, 4, 'update', '2025-08-14 14:06:25'),
(4077, 5, 'update', '2025-08-14 14:06:25'),
(4078, 7, 'update', '2025-08-14 14:06:25'),
(4079, 9, 'update', '2025-08-14 14:06:25'),
(4080, 11, 'update', '2025-08-14 14:06:25'),
(4081, 12, 'update', '2025-08-14 14:06:25'),
(4082, 16, 'update', '2025-08-14 14:06:25'),
(4083, 18, 'update', '2025-08-14 14:06:25'),
(4084, 20, 'update', '2025-08-14 14:06:25'),
(4085, 21, 'update', '2025-08-14 14:06:25'),
(4086, 22, 'update', '2025-08-14 14:06:25'),
(4087, 24, 'update', '2025-08-14 14:06:25'),
(4088, 26, 'update', '2025-08-14 14:06:25'),
(4089, 28, 'update', '2025-08-14 14:06:25'),
(4090, 29, 'update', '2025-08-14 14:06:25'),
(4091, 31, 'update', '2025-08-14 14:06:25'),
(4092, 33, 'update', '2025-08-14 14:06:25'),
(4093, 36, 'update', '2025-08-14 14:06:25'),
(4094, 38, 'update', '2025-08-14 14:06:25'),
(4095, 41, 'update', '2025-08-14 14:06:25'),
(4096, 43, 'update', '2025-08-14 14:06:25'),
(4097, 44, 'update', '2025-08-14 14:06:25'),
(4098, 47, 'update', '2025-08-14 14:06:25'),
(4099, 49, 'update', '2025-08-14 14:06:25'),
(4100, 51, 'update', '2025-08-14 14:06:25'),
(4101, 53, 'update', '2025-08-14 14:06:25'),
(4102, 55, 'update', '2025-08-14 14:06:25'),
(4103, 57, 'update', '2025-08-14 14:06:25'),
(4104, 3, 'update', '2025-08-14 14:06:26'),
(4105, 4, 'update', '2025-08-14 14:06:26'),
(4106, 5, 'update', '2025-08-14 14:06:26'),
(4107, 7, 'update', '2025-08-14 14:06:26'),
(4108, 9, 'update', '2025-08-14 14:06:26'),
(4109, 11, 'update', '2025-08-14 14:06:26'),
(4110, 12, 'update', '2025-08-14 14:06:26'),
(4111, 16, 'update', '2025-08-14 14:06:26'),
(4112, 18, 'update', '2025-08-14 14:06:26'),
(4113, 20, 'update', '2025-08-14 14:06:26'),
(4114, 21, 'update', '2025-08-14 14:06:26'),
(4115, 22, 'update', '2025-08-14 14:06:26'),
(4116, 24, 'update', '2025-08-14 14:06:26'),
(4117, 26, 'update', '2025-08-14 14:06:26'),
(4118, 28, 'update', '2025-08-14 14:06:26'),
(4119, 29, 'update', '2025-08-14 14:06:26'),
(4120, 31, 'update', '2025-08-14 14:06:26'),
(4121, 33, 'update', '2025-08-14 14:06:26'),
(4122, 36, 'update', '2025-08-14 14:06:26'),
(4123, 38, 'update', '2025-08-14 14:06:26'),
(4124, 41, 'update', '2025-08-14 14:06:26'),
(4125, 43, 'update', '2025-08-14 14:06:26'),
(4126, 44, 'update', '2025-08-14 14:06:26'),
(4127, 47, 'update', '2025-08-14 14:06:26'),
(4128, 49, 'update', '2025-08-14 14:06:26'),
(4129, 51, 'update', '2025-08-14 14:06:26'),
(4130, 53, 'update', '2025-08-14 14:06:26'),
(4131, 55, 'update', '2025-08-14 14:06:26'),
(4132, 57, 'update', '2025-08-14 14:06:26');

-- --------------------------------------------------------

--
-- Table structure for table `notification`
--
-- Error reading structure for table friendora.notification: #1932 - Table &#039;friendora.notification&#039; doesn&#039;t exist in engine
-- Error reading data for table friendora.notification: #1064 - You have an error in your SQL syntax; check the manual that corresponds to your MariaDB server version for the right syntax to use near &#039;FROM `friendora`.`notification`&#039; at line 1

-- --------------------------------------------------------

--
-- Table structure for table `notifications`
--

CREATE TABLE `notifications` (
  `notification_id` int(11) NOT NULL,
  `user_id` int(11) NOT NULL,
  `action_by` int(11) DEFAULT NULL,
  `type` varchar(50) DEFAULT 'general',
  `content` text NOT NULL,
  `related_post_id` int(11) DEFAULT NULL,
  `related_comment_id` int(11) DEFAULT NULL,
  `is_read` tinyint(1) DEFAULT 0,
  `created_at` datetime DEFAULT current_timestamp(),
  `read_at` datetime DEFAULT NULL
) ENGINE=InnoDB DEFAULT CHARSET=utf8mb4 COLLATE=utf8mb4_general_ci;

--
-- Dumping data for table `notifications`
--

INSERT INTO `notifications` (`notification_id`, `user_id`, `action_by`, `type`, `content`, `related_post_id`, `related_comment_id`, `is_read`, `created_at`, `read_at`) VALUES
(1, 5, 3, 'react', 'reacted with like to your post', 27, NULL, 1, '2025-08-09 22:40:38', NULL),
(2, 5, 3, 'comment', 'commented on your post', 26, 29, 1, '2025-08-09 22:41:04', NULL),
(3, 2, 3, 'react', 'reacted with haha to your post', 28, NULL, 1, '2025-08-09 22:50:35', '2025-08-09 22:52:08'),
(4, 2, 3, 'comment', 'commented on your post', 21, 30, 1, '2025-08-09 22:51:00', '2025-08-09 22:51:59');

-- --------------------------------------------------------

--
-- Table structure for table `photos`
--

CREATE TABLE `photos` (
  `id` int(11) NOT NULL,
  `url` text DEFAULT NULL,
  `caption` text DEFAULT NULL,
  `user_id` int(3) DEFAULT NULL
) ENGINE=InnoDB DEFAULT CHARSET=utf8mb4 COLLATE=utf8mb4_general_ci;

--
-- Dumping data for table `photos`
--

INSERT INTO `photos` (`id`, `url`, `caption`, `user_id`) VALUES
(1, 'uploads/covers/cover_1_1753523936.png', 'Cover photo', 1),
(2, 'uploads/covers/cover_1_1753524901.jpeg', 'Cover photo', 1),
(3, 'http://localhost/Friendora/uploads/cover_photos/cover_1_1753544566.png', 'Cover Photo', 1),
(4, 'http://localhost/Friendora/uploads/cover_photos/cover_1_1753544577.png', 'Cover Photo', 1),
(6, 'http://localhost/Friendora/uploads/profile_photos/profile_2_1753545089.jpg', 'Profile Picture', 2),
(7, 'http://localhost/Friendora/uploads/cover_photos/cover_2_1753545108.jpeg', 'Cover Photo', 2),
(9, 'http://localhost/Friendora/uploads/posts/post_19_1753551302.jpeg', 'Post image', 1),
(13, 'http://localhost/Friendora/uploads/posts/post_21_1753553754.jpeg', 'Post image', 2),
(14, 'http://localhost/Friendora/uploads/cover_photos/cover_2_1753553856.jpeg', 'Cover Photo', 2),
(17, 'http://localhost/Friendora/uploads/profile_photos/profile_3_1753556449.jpeg', 'Profile Picture', 3),
(18, 'http://localhost/Friendora/uploads/cover_photos/cover_3_1753556465.jpeg', 'Cover Photo', 3),
(19, 'http://localhost/Friendora/uploads/profile_photos/profile_4_1753556732.jpeg', 'Profile Picture', 4),
(20, 'http://localhost/Friendora/uploads/cover_photos/cover_4_1753556740.jpeg', 'Cover Photo', 4),
(21, 'http://localhost/Friendora/uploads/posts/post_23_1753557000.jpeg', 'Post image', 4),
(22, 'http://localhost/Friendora/uploads/posts/post_24_1753560486.jpeg', 'Post image', 3),
(24, 'http://localhost/Friendora/uploads/profile_photos/profile_5_1753617079.jpeg', 'Profile Picture', 5),
(25, 'http://localhost/Friendora/uploads/cover_photos/cover_5_1753617164.jpeg', 'Cover Photo', 5),
(26, 'http://localhost/Friendora/uploads/posts/post_32_1753727194.jpeg', 'Post image', 3),
(29, 'http://localhost/Friendora/uploads/cover_photos/cover_1_1754062227.jpeg', 'Cover Photo', 1),
(34, 'http://localhost/Friendora/uploads/profile_photos/profile_1_1755155157.jpg', 'Profile Picture', 1);

-- --------------------------------------------------------

--
-- Table structure for table `post`
--

CREATE TABLE `post` (
  `id` int(11) NOT NULL,
  `content` text DEFAULT NULL,
  `created_at` datetime DEFAULT current_timestamp(),
  `creator_id` int(3) DEFAULT NULL,
  `group_id` int(3) DEFAULT NULL
) ENGINE=InnoDB DEFAULT CHARSET=utf8mb4 COLLATE=utf8mb4_general_ci;

--
-- Dumping data for table `post`
--

INSERT INTO `post` (`id`, `content`, `created_at`, `creator_id`, `group_id`) VALUES
(1, 'Hi, this  is sakhiur. Just finished watching one piece', '2025-07-26 15:37:29', 1, NULL),
(4, 'Hey guys', '2025-07-26 21:19:47', 1, NULL),
(8, 'Haha, it\'s so funny. Love it', '2025-07-26 21:40:12', 1, NULL),
(10, 'Hi guys', '2025-07-26 21:51:58', 2, NULL),
(12, 'Cyber world', '2025-07-26 21:54:00', 2, NULL),
(13, 'Cyber world', '2025-07-26 22:58:19', 1, NULL),
(14, 'Samurai', '2025-07-26 23:03:36', 1, NULL),
(15, 'Just another photo', '2025-07-26 23:15:08', 1, NULL),
(17, 'Hi', '2025-07-26 23:26:14', 1, NULL),
(18, 'Hello', '2025-07-26 23:32:47', 1, NULL),
(19, 'Night scenario', '2025-07-26 23:35:02', 1, NULL),
(21, 'Sunshine', '2025-07-27 00:15:54', 2, NULL),
(23, 'Hi guys, chilling on nature', '2025-07-27 01:10:00', 4, NULL),
(24, 'Enjoying sunlight', '2025-07-27 02:08:06', 3, NULL),
(26, 'Feeling great', '2025-07-27 18:02:32', 5, NULL),
(27, 'Checking things', '2025-07-27 18:04:07', 5, NULL),
(28, 'Hey guys', '2025-07-27 18:15:25', 2, NULL),
(29, 'Hi', '2025-07-28 12:48:25', 1, NULL),
(30, 'Hey guys, how are you', '2025-07-28 21:11:09', 3, NULL),
(32, 'Pure Aura', '2025-07-29 00:26:34', 3, NULL),
(33, 'cake', '2025-08-14 14:00:08', 1, NULL);

-- --------------------------------------------------------

--
-- Stand-in structure for view `posts_counter`
-- (See below for the actual view)
--
CREATE TABLE `posts_counter` (
`post_id` int(11)
,`comment_count` bigint(21)
,`like_count` bigint(21)
,`haha_count` bigint(21)
,`angry_count` bigint(21)
,`wow_count` bigint(21)
,`share_count` bigint(21)
);

-- --------------------------------------------------------

--
-- Table structure for table `profile`
--

CREATE TABLE `profile` (
  `id` int(3) NOT NULL,
  `hometown` varchar(100) DEFAULT NULL,
  `country` varchar(50) DEFAULT NULL,
  `shortBio` text DEFAULT NULL,
  `city` varchar(100) DEFAULT NULL,
  `pfp` text DEFAULT NULL,
  `socialQuote` text DEFAULT NULL,
  `lifeEvent` text DEFAULT NULL,
  `religion` varchar(50) DEFAULT NULL,
  `polViews` text DEFAULT NULL,
  `lang` varchar(50) DEFAULT NULL,
  `professional` text DEFAULT NULL,
  `work` text DEFAULT NULL,
  `highschool` text DEFAULT NULL,
  `college` varchar(50) DEFAULT NULL,
  `university` text DEFAULT NULL,
  `coverpic` text DEFAULT NULL,
  `user_id` int(3) DEFAULT NULL
) ENGINE=InnoDB DEFAULT CHARSET=utf8mb4 COLLATE=utf8mb4_general_ci;

--
-- Dumping data for table `profile`
--

INSERT INTO `profile` (`id`, `hometown`, `country`, `shortBio`, `city`, `pfp`, `socialQuote`, `lifeEvent`, `religion`, `polViews`, `lang`, `professional`, `work`, `highschool`, `college`, `university`, `coverpic`, `user_id`) VALUES
(1, 'Barishal', 'Bangladesh', 'Ok this is my bio, I love watching anime and reading webtoons', 'Dhaka', 'http://localhost/Friendora/uploads/profile_photos/profile_1_1755155157.jpg', 'In the digital realm, we are all architects of our own reality. I love anime', 'Graduated VR University (2018), Joined DreamScape Studios (2019), Won Cyber Art Award (2023)', 'Digital Spiritualism', 'Progressive Futurist', 'English, Japanese, Bangla', 'Cybertech', 'DreamScape Studios', 'Digital Arts Academy', 'Cyber Tech Institute', 'Virtual Reality University', 'http://localhost/Friendora/uploads/cover_photos/cover_1_1754062227.jpeg', 1),
(2, 'Nippon', '', 'Anime fan and webtoon reader', 'Jakarta', 'http://localhost/Friendora/uploads/profile_photos/profile_2_1753545089.jpg', '', '', '', '', '', '', '', '', '', '', 'http://localhost/Friendora/uploads/cover_photos/cover_2_1753553856.jpeg', 2),
(3, 'Dhaka', 'Bangladesh', '', 'Dhaka', 'http://localhost/Friendora/uploads/profile_photos/profile_3_1753556449.jpeg', '', '', '', '', '', '', '', '', '', '', 'http://localhost/Friendora/uploads/cover_photos/cover_3_1753556465.jpeg', 3),
(4, 'Dhaka', 'Bangladesh', 'A young soul trying to find peace', 'Dhaka', 'http://localhost/Friendora/uploads/profile_photos/profile_4_1753556732.jpeg', 'Discipline isn\'t built on comfortit\'s forged in silence, when no ones watching, and quitting whispers loudest.', 'Born, Taken dinner, Watched anime', 'Islam', 'Dr. Yunus all the way', 'English, Bangla', 'Sleeper', 'Home', 'Faizur Rahman', 'City College', 'North South University', 'http://localhost/Friendora/uploads/cover_photos/cover_4_1753556740.jpeg', 4),
(5, 'Corus', 'Arkland', 'Loves to drink', 'Tokyo', 'http://localhost/Friendora/uploads/profile_photos/profile_5_1753617079.jpeg', 'Do or Die', 'Born, live, first mission', 'Christianity', 'Hit', 'English', 'Hitman, Agent', 'Reinhafer', 'Porayan Cultural School', 'Edward College', 'Grandall', 'http://localhost/Friendora/uploads/cover_photos/cover_5_1753617164.jpeg', 5),
(6, '', '', '', 'Dhaka', NULL, '', '', '', '', '', '', '', '', '', '', NULL, 7);

-- --------------------------------------------------------

--
-- Table structure for table `reacts`
--

CREATE TABLE `reacts` (
  `id` int(11) NOT NULL,
  `uid` int(3) NOT NULL,
  `post_id` int(3) NOT NULL,
  `type` varchar(50) DEFAULT NULL,
  `reacted_at` datetime NOT NULL DEFAULT current_timestamp()
) ENGINE=InnoDB DEFAULT CHARSET=utf8mb4 COLLATE=utf8mb4_general_ci;

--
-- Dumping data for table `reacts`
--

INSERT INTO `reacts` (`id`, `uid`, `post_id`, `type`, `reacted_at`) VALUES
(2, 1, 29, 'like', '2025-07-28 14:42:38'),
(3, 1, 19, 'wow', '2025-07-28 14:52:20'),
(4, 2, 29, 'like', '2025-07-28 16:38:56'),
(5, 3, 29, 'wow', '2025-07-28 16:39:26'),
(6, 3, 24, 'like', '2025-07-28 19:58:50'),
(7, 3, 30, 'haha', '2025-07-29 00:10:21'),
(8, 3, 32, 'like', '2025-07-29 00:27:01'),
(9, 1, 32, 'like', '2025-08-01 21:54:43'),
(10, 4, 23, 'like', '2025-08-09 22:15:41'),
(11, 4, 32, 'haha', '2025-08-09 22:15:59'),
(13, 3, 27, 'like', '2025-08-09 22:40:38'),
(14, 3, 28, 'haha', '2025-08-09 22:50:35');

--
-- Triggers `reacts`
--
DELIMITER $$
CREATE TRIGGER `after_react_insert` AFTER INSERT ON `reacts` FOR EACH ROW BEGIN
    DECLARE post_author_id INT;
    
    -- Find the author of the post that was reacted to
    SELECT `creator_id` INTO post_author_id FROM `post` WHERE `id` = NEW.post_id;
    
    -- Insert a notification for the post's author,
    -- but only if the author is not the one who reacted.
    IF post_author_id != NEW.uid THEN
        INSERT INTO `notifications` (`user_id`, `action_by`, `type`, `content`, `related_post_id`)
        VALUES (post_author_id, NEW.uid, 'react', CONCAT('reacted with ', NEW.type, ' to your post'), NEW.post_id);
    END IF;
END
$$
DELIMITER ;

-- --------------------------------------------------------

--
-- Table structure for table `shares`
--

CREATE TABLE `shares` (
  `id` int(11) NOT NULL,
  `uid` int(11) NOT NULL,
  `post_id` int(11) NOT NULL,
  `shared_at` datetime NOT NULL DEFAULT current_timestamp()
) ENGINE=InnoDB DEFAULT CHARSET=utf8mb4 COLLATE=utf8mb4_general_ci;

--
-- Dumping data for table `shares`
--

INSERT INTO `shares` (`id`, `uid`, `post_id`, `shared_at`) VALUES
(1, 1, 29, '2025-07-28 14:33:28'),
(2, 1, 19, '2025-07-29 18:18:49');

-- --------------------------------------------------------

--
-- Table structure for table `tokens`
--

CREATE TABLE `tokens` (
  `id` int(10) NOT NULL,
  `user_id` int(10) DEFAULT NULL,
  `token` varchar(60) NOT NULL
) ENGINE=InnoDB DEFAULT CHARSET=utf8mb4 COLLATE=utf8mb4_general_ci;

-- --------------------------------------------------------

--
-- Table structure for table `users`
--

CREATE TABLE `users` (
  `id` int(11) NOT NULL,
  `fname` varchar(50) DEFAULT NULL,
  `minit` varchar(50) DEFAULT NULL,
  `lname` varchar(50) DEFAULT NULL,
  `pwd` varchar(100) DEFAULT NULL,
  `DOB` date DEFAULT NULL,
  `gender` varchar(10) DEFAULT NULL,
  `email` varchar(100) DEFAULT NULL,
  `created_at` datetime NOT NULL DEFAULT current_timestamp()
) ENGINE=InnoDB DEFAULT CHARSET=utf8mb4 COLLATE=utf8mb4_general_ci;

--
-- Dumping data for table `users`
--

INSERT INTO `users` (`id`, `fname`, `minit`, `lname`, `pwd`, `DOB`, `gender`, `email`, `created_at`) VALUES
(1, 'Kafka', 'S', 'Rahman', 'HNkukc.t2n:RgD!', '1995-07-07', 'female', 'kafka@gmail.com', '2025-07-25 20:08:05'),
(2, 'Ken', 'G', 'Kaneki', 'HNkukc.t2n:RgD!', '2015-08-05', NULL, 'ken@gmail.com', '2025-07-26 21:50:51'),
(3, 'Raymond', 'T', 'Creed', 'HTUKDiii65%%%6', '2015-08-07', NULL, 'raymond@gmail.com', '2025-07-27 00:57:02'),
(4, 'Sakhiur', '', 'Rahman', 'HNkukc.t2n:RgD!', '2002-11-13', 'male', 'sakhiur2020@gmail.com', '2025-07-27 01:03:04'),
(5, 'Ozaman', 'Y', 'Taker', 'Checker@gmail.com56', '2009-05-17', 'male', 'checker@gmail.com', '2025-07-27 17:45:43'),
(7, 'Nox', 'V', 'Reinhafur', 'Nox@2077', '1997-01-01', 'male', 'nox@gmail.com', '2025-08-01 22:35:56');

--
-- Triggers `users`
--
DELIMITER $$
CREATE TRIGGER `user_delete_log` BEFORE DELETE ON `users` FOR EACH ROW BEGIN
	INSERT INTO user_delete_log (fname,email) VALUES(OLD.fname,OLD.email);
END
$$
DELIMITER ;

-- --------------------------------------------------------

--
-- Stand-in structure for view `users_basic`
-- (See below for the actual view)
--
CREATE TABLE `users_basic` (
`user_id` int(11)
,`Full_Name` varchar(152)
,`profile_photo` text
,`age` bigint(21)
);

-- --------------------------------------------------------

--
-- Table structure for table `user_delete_log`
--

CREATE TABLE `user_delete_log` (
  `log_id` int(5) NOT NULL,
  `fname` varchar(50) DEFAULT NULL,
  `email` varchar(50) DEFAULT NULL,
  `deleted_at` datetime DEFAULT current_timestamp()
) ENGINE=InnoDB DEFAULT CHARSET=utf8mb4 COLLATE=utf8mb4_general_ci;

--
-- Dumping data for table `user_delete_log`
--

INSERT INTO `user_delete_log` (`log_id`, `fname`, `email`, `deleted_at`) VALUES
(1, 'Alex', 'alex@gmail.com', '2025-07-27 20:14:28');

-- --------------------------------------------------------

--
-- Stand-in structure for view `user_inbox`
-- (See below for the actual view)
--
CREATE TABLE `user_inbox` (
`receiver_id` int(11)
,`sender_id` int(11)
,`content` text
,`sent_at` datetime
,`status` enum('sent','delivered','read')
);

-- --------------------------------------------------------

--
-- Stand-in structure for view `view_friendships_full`
-- (See below for the actual view)
--
CREATE TABLE `view_friendships_full` (
`user_id` int(11)
,`friend_id` int(11)
,`friend_name` varchar(152)
,`profile_pic` mediumtext
,`relationship_status` varchar(16)
,`since` datetime
,`mutual_friends` bigint(21)
,`total_friends` bigint(21)
);

-- --------------------------------------------------------

--
-- Stand-in structure for view `vw_accepted_edges`
-- (See below for the actual view)
--
CREATE TABLE `vw_accepted_edges` (
`user_id` int(11)
,`friend_id` int(11)
);

-- --------------------------------------------------------

--
-- Table structure for table `websites`
--

CREATE TABLE `websites` (
  `profile_id` int(3) NOT NULL,
  `url` varchar(200) NOT NULL
) ENGINE=InnoDB DEFAULT CHARSET=utf8mb4 COLLATE=utf8mb4_general_ci;

--
-- Dumping data for table `websites`
--

INSERT INTO `websites` (`profile_id`, `url`) VALUES
(1, 'https://alexandra-dreams.cyber, https://sakhiur.com'),
(4, 'www.kubernaticaina.com'),
(5, 'www.checker.com');

-- --------------------------------------------------------

--
-- Structure for view `posts_counter`
--
DROP TABLE IF EXISTS `posts_counter`;

CREATE ALGORITHM=UNDEFINED DEFINER=`root`@`localhost` SQL SECURITY DEFINER VIEW `posts_counter`  AS SELECT `post`.`id` AS `post_id`, count(distinct `comment`.`id`) AS `comment_count`, count(distinct case when `reacts`.`type` = 'like' then `reacts`.`id` end) AS `like_count`, count(distinct case when `reacts`.`type` = 'haha' then `reacts`.`id` end) AS `haha_count`, count(distinct case when `reacts`.`type` = 'angry' then `reacts`.`id` end) AS `angry_count`, count(distinct case when `reacts`.`type` = 'wow' then `reacts`.`id` end) AS `wow_count`, count(distinct `shares`.`id`) AS `share_count` FROM (((`post` left join `comment` on(`comment`.`post_id` = `post`.`id`)) left join `reacts` on(`reacts`.`post_id` = `post`.`id`)) left join `shares` on(`shares`.`post_id` = `post`.`id`)) GROUP BY `post`.`id` ;

-- --------------------------------------------------------

--
-- Structure for view `users_basic`
--
DROP TABLE IF EXISTS `users_basic`;

CREATE ALGORITHM=UNDEFINED DEFINER=`root`@`localhost` SQL SECURITY DEFINER VIEW `users_basic`  AS SELECT `users`.`id` AS `user_id`, concat_ws(' ',trim(`users`.`fname`),trim(coalesce(`users`.`minit`,'')),trim(`users`.`lname`)) AS `Full_Name`, `profile`.`pfp` AS `profile_photo`, timestampdiff(YEAR,`users`.`DOB`,curdate()) AS `age` FROM (`users` join `profile` on(`users`.`id` = `profile`.`user_id`)) ;

-- --------------------------------------------------------

--
-- Structure for view `user_inbox`
--
DROP TABLE IF EXISTS `user_inbox`;

CREATE ALGORITHM=UNDEFINED DEFINER=`root`@`localhost` SQL SECURITY DEFINER VIEW `user_inbox`  AS SELECT `m`.`receiver_id` AS `receiver_id`, `m`.`sender_id` AS `sender_id`, `m`.`content` AS `content`, `m`.`sent_at` AS `sent_at`, `m`.`status` AS `status` FROM `messages` AS `m` WHERE `m`.`sent_at` = (select max(`messages`.`sent_at`) from `messages` where `messages`.`sender_id` = `m`.`sender_id` AND `messages`.`receiver_id` = `m`.`receiver_id`) ;

-- --------------------------------------------------------

--
-- Structure for view `view_friendships_full`
--
DROP TABLE IF EXISTS `view_friendships_full`;

CREATE ALGORITHM=UNDEFINED DEFINER=`root`@`localhost` SQL SECURITY DEFINER VIEW `view_friendships_full`  AS SELECT `fr`.`sender_id` AS `user_id`, `fr`.`receiver_id` AS `friend_id`, concat(`u`.`fname`,' ',ifnull(`u`.`minit`,''),' ',`u`.`lname`) AS `friend_name`, `p`.`pfp` AS `profile_pic`, CASE WHEN `fr`.`status` = 'accepted' THEN 'friend' WHEN `fr`.`status` = 'pending' THEN 'pending_sent' END AS `relationship_status`, CASE WHEN `fr`.`status` = 'accepted' THEN `fr`.`responded_at` ELSE `fr`.`sent_at` END AS `since`, (select count(0) from (`friend_requests` `mf1` join `friend_requests` `mf2` on(`mf1`.`sender_id` = `mf2`.`sender_id` and `mf1`.`receiver_id` <> `fr`.`receiver_id` and `mf2`.`receiver_id` = `fr`.`receiver_id` or `mf1`.`receiver_id` = `mf2`.`receiver_id` and `mf1`.`sender_id` <> `fr`.`receiver_id` and `mf2`.`sender_id` = `fr`.`receiver_id`)) where `mf1`.`status` = 'accepted' and `mf2`.`status` = 'accepted' and (`mf1`.`sender_id` = `fr`.`sender_id` or `mf1`.`receiver_id` = `fr`.`sender_id`)) AS `mutual_friends`, (select count(0) from `friend_requests` `tf` where `tf`.`status` = 'accepted' and (`tf`.`sender_id` = `fr`.`receiver_id` or `tf`.`receiver_id` = `fr`.`receiver_id`)) AS `total_friends` FROM ((`friend_requests` `fr` join `users` `u` on(`u`.`id` = `fr`.`receiver_id`)) left join `profile` `p` on(`p`.`user_id` = `fr`.`receiver_id`))union select `fr`.`receiver_id` AS `user_id`,`fr`.`sender_id` AS `friend_id`,concat(`u`.`fname`,' ',ifnull(`u`.`minit`,''),' ',`u`.`lname`) AS `friend_name`,`p`.`pfp` AS `profile_pic`,case when `fr`.`status` = 'accepted' then 'friend' when `fr`.`status` = 'pending' then 'pending_received' end AS `relationship_status`,case when `fr`.`status` = 'accepted' then `fr`.`responded_at` else `fr`.`sent_at` end AS `since`,(select count(0) from (`friend_requests` `mf1` join `friend_requests` `mf2` on(`mf1`.`sender_id` = `mf2`.`sender_id` and `mf1`.`receiver_id` <> `fr`.`sender_id` and `mf2`.`receiver_id` = `fr`.`sender_id` or `mf1`.`receiver_id` = `mf2`.`receiver_id` and `mf1`.`sender_id` <> `fr`.`sender_id` and `mf2`.`sender_id` = `fr`.`sender_id`)) where `mf1`.`status` = 'accepted' and `mf2`.`status` = 'accepted' and (`mf1`.`sender_id` = `fr`.`receiver_id` or `mf1`.`receiver_id` = `fr`.`receiver_id`)) AS `mutual_friends`,(select count(0) from `friend_requests` `tf` where `tf`.`status` = 'accepted' and (`tf`.`sender_id` = `fr`.`sender_id` or `tf`.`receiver_id` = `fr`.`sender_id`)) AS `total_friends` from ((`friend_requests` `fr` join `users` `u` on(`u`.`id` = `fr`.`sender_id`)) left join `profile` `p` on(`p`.`user_id` = `fr`.`sender_id`))  ;

-- --------------------------------------------------------

--
-- Structure for view `vw_accepted_edges`
--
DROP TABLE IF EXISTS `vw_accepted_edges`;

CREATE ALGORITHM=UNDEFINED DEFINER=`root`@`localhost` SQL SECURITY DEFINER VIEW `vw_accepted_edges`  AS SELECT `friend_requests`.`sender_id` AS `user_id`, `friend_requests`.`receiver_id` AS `friend_id` FROM `friend_requests` WHERE `friend_requests`.`status` = 'accepted'union all select `friend_requests`.`receiver_id` AS `user_id`,`friend_requests`.`sender_id` AS `friend_id` from `friend_requests` where `friend_requests`.`status` = 'accepted'  ;

--
-- Indexes for dumped tables
--

--
-- Indexes for table `badge`
--
ALTER TABLE `badge`
  ADD PRIMARY KEY (`id`),
  ADD KEY `badge_desc_id` (`badge_desc_id`);

--
-- Indexes for table `badge_description`
--
ALTER TABLE `badge_description`
  ADD PRIMARY KEY (`id`);

--
-- Indexes for table `block`
--
ALTER TABLE `block`
  ADD PRIMARY KEY (`blocker_id`,`blocked_id`),
  ADD KEY `blocked_id` (`blocked_id`);

--
-- Indexes for table `comment`
--
ALTER TABLE `comment`
  ADD PRIMARY KEY (`id`),
  ADD KEY `user_id` (`user_id`),
  ADD KEY `post_id` (`post_id`);

--
-- Indexes for table `earns`
--
ALTER TABLE `earns`
  ADD PRIMARY KEY (`uid`,`badge_id`),
  ADD KEY `badge_id` (`badge_id`);

--
-- Indexes for table `friend_requests`
--
ALTER TABLE `friend_requests`
  ADD PRIMARY KEY (`sender_id`,`receiver_id`),
  ADD KEY `fk_fr_receiver` (`receiver_id`);

--
-- Indexes for table `group`
--
ALTER TABLE `group`
  ADD PRIMARY KEY (`id`),
  ADD KEY `creator_id` (`creator_id`);

--
-- Indexes for table `joins`
--
ALTER TABLE `joins`
  ADD PRIMARY KEY (`uid`,`group_id`),
  ADD KEY `group_id` (`group_id`);

--
-- Indexes for table `media`
--
ALTER TABLE `media`
  ADD PRIMARY KEY (`id`),
  ADD KEY `media_ibfk_1` (`post_id`);

--
-- Indexes for table `membership`
--
ALTER TABLE `membership`
  ADD PRIMARY KEY (`user_id`,`group_id`),
  ADD KEY `group_id` (`group_id`);

--
-- Indexes for table `mentions`
--
ALTER TABLE `mentions`
  ADD PRIMARY KEY (`mentioner_id`,`mentioned_id`),
  ADD KEY `mentioned_id` (`mentioned_id`);

--
-- Indexes for table `messages`
--
ALTER TABLE `messages`
  ADD PRIMARY KEY (`message_id`),
  ADD KEY `messages_ibfk_1` (`sender_id`),
  ADD KEY `messages_ibfk_2` (`receiver_id`);

--
-- Indexes for table `messages_log`
--
ALTER TABLE `messages_log`
  ADD PRIMARY KEY (`log_id`);

--
-- Indexes for table `notifications`
--
ALTER TABLE `notifications`
  ADD PRIMARY KEY (`notification_id`),
  ADD KEY `idx_user_id` (`user_id`),
  ADD KEY `idx_type` (`type`),
  ADD KEY `idx_is_read` (`is_read`),
  ADD KEY `action_by` (`action_by`),
  ADD KEY `related_post_id` (`related_post_id`),
  ADD KEY `related_comment_id` (`related_comment_id`);

--
-- Indexes for table `photos`
--
ALTER TABLE `photos`
  ADD PRIMARY KEY (`id`),
  ADD KEY `uid` (`user_id`);

--
-- Indexes for table `post`
--
ALTER TABLE `post`
  ADD PRIMARY KEY (`id`),
  ADD KEY `creator_id` (`creator_id`),
  ADD KEY `group_id` (`group_id`);

--
-- Indexes for table `profile`
--
ALTER TABLE `profile`
  ADD PRIMARY KEY (`id`),
  ADD KEY `fk_profile_user` (`user_id`);

--
-- Indexes for table `reacts`
--
ALTER TABLE `reacts`
  ADD PRIMARY KEY (`id`),
  ADD KEY `reacts_ibfk_1` (`uid`),
  ADD KEY `post_id` (`post_id`);

--
-- Indexes for table `shares`
--
ALTER TABLE `shares`
  ADD PRIMARY KEY (`id`),
  ADD KEY `post_id` (`post_id`),
  ADD KEY `shares_ibfk_1` (`uid`);

--
-- Indexes for table `tokens`
--
ALTER TABLE `tokens`
  ADD PRIMARY KEY (`id`),
  ADD UNIQUE KEY `user_id` (`user_id`);

--
-- Indexes for table `users`
--
ALTER TABLE `users`
  ADD PRIMARY KEY (`id`);

--
-- Indexes for table `user_delete_log`
--
ALTER TABLE `user_delete_log`
  ADD PRIMARY KEY (`log_id`);

--
-- Indexes for table `websites`
--
ALTER TABLE `websites`
  ADD PRIMARY KEY (`profile_id`,`url`);

--
-- AUTO_INCREMENT for dumped tables
--

--
-- AUTO_INCREMENT for table `badge`
--
ALTER TABLE `badge`
  MODIFY `id` int(3) NOT NULL AUTO_INCREMENT;

--
-- AUTO_INCREMENT for table `badge_description`
--
ALTER TABLE `badge_description`
  MODIFY `id` int(3) NOT NULL AUTO_INCREMENT;

--
-- AUTO_INCREMENT for table `comment`
--
ALTER TABLE `comment`
  MODIFY `id` int(11) NOT NULL AUTO_INCREMENT, AUTO_INCREMENT=31;

--
-- AUTO_INCREMENT for table `group`
--
ALTER TABLE `group`
  MODIFY `id` int(3) NOT NULL AUTO_INCREMENT;

--
-- AUTO_INCREMENT for table `media`
--
ALTER TABLE `media`
  MODIFY `id` int(11) NOT NULL AUTO_INCREMENT, AUTO_INCREMENT=9;

--
-- AUTO_INCREMENT for table `messages`
--
ALTER TABLE `messages`
  MODIFY `message_id` bigint(20) UNSIGNED NOT NULL AUTO_INCREMENT, AUTO_INCREMENT=58;

--
-- AUTO_INCREMENT for table `messages_log`
--
ALTER TABLE `messages_log`
  MODIFY `log_id` bigint(20) NOT NULL AUTO_INCREMENT, AUTO_INCREMENT=4133;

--
-- AUTO_INCREMENT for table `notifications`
--
ALTER TABLE `notifications`
  MODIFY `notification_id` int(11) NOT NULL AUTO_INCREMENT, AUTO_INCREMENT=5;

--
-- AUTO_INCREMENT for table `photos`
--
ALTER TABLE `photos`
  MODIFY `id` int(11) NOT NULL AUTO_INCREMENT, AUTO_INCREMENT=35;

--
-- AUTO_INCREMENT for table `post`
--
ALTER TABLE `post`
  MODIFY `id` int(11) NOT NULL AUTO_INCREMENT, AUTO_INCREMENT=34;

--
-- AUTO_INCREMENT for table `profile`
--
ALTER TABLE `profile`
  MODIFY `id` int(3) NOT NULL AUTO_INCREMENT, AUTO_INCREMENT=7;

--
-- AUTO_INCREMENT for table `reacts`
--
ALTER TABLE `reacts`
  MODIFY `id` int(11) NOT NULL AUTO_INCREMENT, AUTO_INCREMENT=15;

--
-- AUTO_INCREMENT for table `shares`
--
ALTER TABLE `shares`
  MODIFY `id` int(11) NOT NULL AUTO_INCREMENT, AUTO_INCREMENT=3;

--
-- AUTO_INCREMENT for table `tokens`
--
ALTER TABLE `tokens`
  MODIFY `id` int(10) NOT NULL AUTO_INCREMENT;

--
-- AUTO_INCREMENT for table `users`
--
ALTER TABLE `users`
  MODIFY `id` int(11) NOT NULL AUTO_INCREMENT, AUTO_INCREMENT=8;

--
-- AUTO_INCREMENT for table `user_delete_log`
--
ALTER TABLE `user_delete_log`
  MODIFY `log_id` int(5) NOT NULL AUTO_INCREMENT, AUTO_INCREMENT=2;

--
-- Constraints for dumped tables
--

--
-- Constraints for table `badge`
--
ALTER TABLE `badge`
  ADD CONSTRAINT `badge_ibfk_1` FOREIGN KEY (`badge_desc_id`) REFERENCES `badge_description` (`id`) ON DELETE CASCADE ON UPDATE CASCADE;

--
-- Constraints for table `block`
--
ALTER TABLE `block`
  ADD CONSTRAINT `block_ibfk_1` FOREIGN KEY (`blocker_id`) REFERENCES `users` (`id`) ON DELETE CASCADE ON UPDATE CASCADE,
  ADD CONSTRAINT `block_ibfk_2` FOREIGN KEY (`blocked_id`) REFERENCES `users` (`id`) ON DELETE CASCADE ON UPDATE CASCADE;

--
-- Constraints for table `comment`
--
ALTER TABLE `comment`
  ADD CONSTRAINT `comment_ibfk_1` FOREIGN KEY (`user_id`) REFERENCES `users` (`id`) ON DELETE CASCADE ON UPDATE CASCADE,
  ADD CONSTRAINT `comment_ibfk_2` FOREIGN KEY (`post_id`) REFERENCES `post` (`id`) ON DELETE CASCADE ON UPDATE CASCADE;

--
-- Constraints for table `earns`
--
ALTER TABLE `earns`
  ADD CONSTRAINT `earns_ibfk_1` FOREIGN KEY (`uid`) REFERENCES `users` (`id`) ON DELETE CASCADE ON UPDATE CASCADE,
  ADD CONSTRAINT `earns_ibfk_2` FOREIGN KEY (`badge_id`) REFERENCES `badge` (`id`) ON DELETE CASCADE ON UPDATE CASCADE;

--
-- Constraints for table `friend_requests`
--
ALTER TABLE `friend_requests`
  ADD CONSTRAINT `fk_fr_receiver` FOREIGN KEY (`receiver_id`) REFERENCES `users` (`id`) ON DELETE CASCADE,
  ADD CONSTRAINT `fk_fr_sender` FOREIGN KEY (`sender_id`) REFERENCES `users` (`id`) ON DELETE CASCADE;

--
-- Constraints for table `group`
--
ALTER TABLE `group`
  ADD CONSTRAINT `group_ibfk_1` FOREIGN KEY (`creator_id`) REFERENCES `users` (`id`) ON DELETE CASCADE ON UPDATE CASCADE;

--
-- Constraints for table `joins`
--
ALTER TABLE `joins`
  ADD CONSTRAINT `joins_ibfk_1` FOREIGN KEY (`uid`) REFERENCES `users` (`id`) ON DELETE CASCADE ON UPDATE CASCADE,
  ADD CONSTRAINT `joins_ibfk_2` FOREIGN KEY (`group_id`) REFERENCES `group` (`id`) ON DELETE CASCADE ON UPDATE CASCADE;

--
-- Constraints for table `media`
--
ALTER TABLE `media`
  ADD CONSTRAINT `media_ibfk_1` FOREIGN KEY (`post_id`) REFERENCES `post` (`id`) ON DELETE CASCADE ON UPDATE CASCADE;

--
-- Constraints for table `membership`
--
ALTER TABLE `membership`
  ADD CONSTRAINT `membership_ibfk_1` FOREIGN KEY (`user_id`) REFERENCES `users` (`id`) ON DELETE CASCADE ON UPDATE CASCADE,
  ADD CONSTRAINT `membership_ibfk_2` FOREIGN KEY (`group_id`) REFERENCES `group` (`id`) ON DELETE CASCADE ON UPDATE CASCADE;

--
-- Constraints for table `mentions`
--
ALTER TABLE `mentions`
  ADD CONSTRAINT `mentions_ibfk_1` FOREIGN KEY (`mentioner_id`) REFERENCES `users` (`id`) ON DELETE CASCADE ON UPDATE CASCADE,
  ADD CONSTRAINT `mentions_ibfk_2` FOREIGN KEY (`mentioned_id`) REFERENCES `users` (`id`) ON DELETE CASCADE ON UPDATE CASCADE;

--
-- Constraints for table `messages`
--
ALTER TABLE `messages`
  ADD CONSTRAINT `messages_ibfk_1` FOREIGN KEY (`sender_id`) REFERENCES `users` (`id`) ON DELETE CASCADE ON UPDATE CASCADE,
  ADD CONSTRAINT `messages_ibfk_2` FOREIGN KEY (`receiver_id`) REFERENCES `users` (`id`) ON DELETE CASCADE ON UPDATE CASCADE;

--
-- Constraints for table `notifications`
--
ALTER TABLE `notifications`
  ADD CONSTRAINT `notifications_ibfk_1` FOREIGN KEY (`user_id`) REFERENCES `users` (`id`) ON DELETE CASCADE ON UPDATE CASCADE,
  ADD CONSTRAINT `notifications_ibfk_2` FOREIGN KEY (`action_by`) REFERENCES `users` (`id`) ON DELETE SET NULL ON UPDATE CASCADE,
  ADD CONSTRAINT `notifications_ibfk_3` FOREIGN KEY (`related_post_id`) REFERENCES `post` (`id`),
  ADD CONSTRAINT `notifications_ibfk_4` FOREIGN KEY (`related_comment_id`) REFERENCES `comment` (`id`);

--
-- Constraints for table `photos`
--
ALTER TABLE `photos`
  ADD CONSTRAINT `photos_ibfk_1` FOREIGN KEY (`user_id`) REFERENCES `users` (`id`) ON DELETE CASCADE ON UPDATE CASCADE;

--
-- Constraints for table `post`
--
ALTER TABLE `post`
  ADD CONSTRAINT `post_ibfk_1` FOREIGN KEY (`creator_id`) REFERENCES `users` (`id`) ON DELETE CASCADE ON UPDATE CASCADE,
  ADD CONSTRAINT `post_ibfk_2` FOREIGN KEY (`group_id`) REFERENCES `group` (`id`) ON DELETE CASCADE ON UPDATE CASCADE;

--
-- Constraints for table `profile`
--
ALTER TABLE `profile`
  ADD CONSTRAINT `fk_profile_user` FOREIGN KEY (`user_id`) REFERENCES `users` (`id`) ON DELETE CASCADE ON UPDATE CASCADE;

--
-- Constraints for table `reacts`
--
ALTER TABLE `reacts`
  ADD CONSTRAINT `reacts_ibfk_1` FOREIGN KEY (`uid`) REFERENCES `users` (`id`) ON DELETE CASCADE ON UPDATE CASCADE,
  ADD CONSTRAINT `reacts_ibfk_2` FOREIGN KEY (`post_id`) REFERENCES `post` (`id`) ON DELETE CASCADE ON UPDATE CASCADE;

--
-- Constraints for table `shares`
--
ALTER TABLE `shares`
  ADD CONSTRAINT `shares_ibfk_1` FOREIGN KEY (`uid`) REFERENCES `users` (`id`) ON DELETE CASCADE ON UPDATE CASCADE,
  ADD CONSTRAINT `shares_ibfk_2` FOREIGN KEY (`post_id`) REFERENCES `post` (`id`) ON DELETE CASCADE ON UPDATE CASCADE;

--
-- Constraints for table `tokens`
--
ALTER TABLE `tokens`
  ADD CONSTRAINT `tokens_ibfk_1` FOREIGN KEY (`user_id`) REFERENCES `users` (`id`) ON DELETE CASCADE ON UPDATE CASCADE;

--
-- Constraints for table `websites`
--
ALTER TABLE `websites`
  ADD CONSTRAINT `websites_ibfk_1` FOREIGN KEY (`profile_id`) REFERENCES `profile` (`id`);
COMMIT;

/*!40101 SET CHARACTER_SET_CLIENT=@OLD_CHARACTER_SET_CLIENT */;
/*!40101 SET CHARACTER_SET_RESULTS=@OLD_CHARACTER_SET_RESULTS */;
/*!40101 SET COLLATION_CONNECTION=@OLD_COLLATION_CONNECTION */;
